source_series,source_lens_dir,focal_mm,open,down,capture_missing,status,lensscope_maker,lensscope_name,note
ARRI:ZEISS Master Anamorphic, 100mm T1.9,100.0,True,True,False,AUTO,ARRI / ZEISS,Master Anamorphic 2x,series+focal family exact
ARRI:ZEISS Master Anamorphic, 135mm T1.9,135.0,True,True,False,AUTO,ARRI / ZEISS,Master Anamorphic 2x,series+focal family exact
ARRI:ZEISS Master Anamorphic, 180mm T2.8,180.0,True,True,False,AUTO,ARRI / ZEISS,Master Anamorphic 2x,series+focal family exact
ARRI:ZEISS Master Anamorphic,28mm_T1.9,,True,True,False,AUTO,ARRI / ZEISS,Master Anamorphic 2x,series+focal family exact
ARRI:ZEISS Master Anamorphic,35mm_T1.9,,True,True,False,AUTO,ARRI / ZEISS,Master Anamorphic 2x,series+focal family exact
ARRI:ZEISS Master Anamorphic,40mm_T1.9,,True,True,False,AUTO,ARRI / ZEISS,Master Anamorphic 2x,series+focal family exact
ARRI:ZEISS Master Anamorphic,50mm_T1.9,,True,True,False,AUTO,ARRI / ZEISS,Master Anamorphic 2x,series+focal family exact
ARRI:ZEISS Master Anamorphic,60mm_T1.9,,True,True,False,AUTO,ARRI / ZEISS,Master Anamorphic 2x,series+focal family exact
ARRI:ZEISS Master Anamorphic,75mm_T1.9,,True,True,False,AUTO,ARRI / ZEISS,Master Anamorphic 2x,series+focal family exact
ARRI:ZEISS Master Prime, 100mm T1.3,100.0,True,True,False,AUTO,ARRI / ZEISS,Master Prime,series exact
ARRI:ZEISS Master Prime, 135mm T1.3,135.0,True,True,False,AUTO,ARRI / ZEISS,Master Prime,series exact
ARRI:ZEISS Master Prime, 150mm T1.3,150.0,True,True,False,AUTO,ARRI / ZEISS,Master Prime,series exact
ARRI:ZEISS Master Prime,12mm_T1.3,,True,True,False,AUTO,ARRI / ZEISS,Master Prime,series exact
ARRI:ZEISS Master Prime,14mm_T1.3,,True,True,False,AUTO,ARRI / ZEISS,Master Prime,series exact
ARRI:ZEISS Master Prime,16mm_T1.3,,True,True,False,AUTO,ARRI / ZEISS,Master Prime,series exact
ARRI:ZEISS Master Prime,18mm_T1.3,,True,True,False,AUTO,ARRI / ZEISS,Master Prime,series exact
ARRI:ZEISS Master Prime,21mm_T1.3,,True,True,False,AUTO,ARRI / ZEISS,Master Prime,series exact
ARRI:ZEISS Master Prime,25mm_T1.3,,True,True,False,AUTO,ARRI / ZEISS,Master Prime,series exact
ARRI:ZEISS Master Prime,27mm_T1.3,,True,True,False,AUTO,ARRI / ZEISS,Master Prime,series exact
ARRI:ZEISS Master Prime,32mm_T1.3,,True,True,False,AUTO,ARRI / ZEISS,Master Prime,series exact
ARRI:ZEISS Master Prime,35mm_T1.3,,True,True,False,AUTO,ARRI / ZEISS,Master Prime,series exact
ARRI:ZEISS Master Prime,40mm_T1.3,,True,True,False,AUTO,ARRI / ZEISS,Master Prime,series exact
ARRI:ZEISS Master Prime,50mm_T1.3,,True,True,False,AUTO,ARRI / ZEISS,Master Prime,series exact
ARRI:ZEISS Master Prime,65mm_T1.3,,True,True,False,AUTO,ARRI / ZEISS,Master Prime,series exact
ARRI:ZEISS Master Prime,75mm_T1.3,,True,True,False,AUTO,ARRI / ZEISS,Master Prime,series exact
ARRI:ZEISS Ultra Prime, 100mm T1.9,100.0,True,True,False,AUTO,ARRI / ZEISS,Ultra Prime,series exact
ARRI:ZEISS Ultra Prime, 135mm T1.9,135.0,True,True,False,AUTO,ARRI / ZEISS,Ultra Prime,series exact
ARRI:ZEISS Ultra Prime, 180mm T1.9,180.0,True,True,False,AUTO,ARRI / ZEISS,Ultra Prime,series exact
ARRI:ZEISS Ultra Prime,14mm_T1.9,,True,True,False,AUTO,ARRI / ZEISS,Ultra Prime,series exact
ARRI:ZEISS Ultra Prime,16mm_T1.9,,True,True,False,AUTO,ARRI / ZEISS,Ultra Prime,series exact
ARRI:ZEISS Ultra Prime,20mm_T1.9,,True,True,False,AUTO,ARRI / ZEISS,Ultra Prime,series exact
ARRI:ZEISS Ultra Prime,24mm_T1.9,,True,True,False,AUTO,ARRI / ZEISS,Ultra Prime,series exact
ARRI:ZEISS Ultra Prime,28mm_T1.9,,True,True,False,AUTO,ARRI / ZEISS,Ultra Prime,series exact
ARRI:ZEISS Ultra Prime,32mm_T1.9,,True,True,False,AUTO,ARRI / ZEISS,Ultra Prime,series exact
ARRI:ZEISS Ultra Prime,40mm_T1.9,,True,True,False,AUTO,ARRI / ZEISS,Ultra Prime,series exact
ARRI:ZEISS Ultra Prime,50mm_T1.9,,True,True,False,AUTO,ARRI / ZEISS,Ultra Prime,series exact
ARRI:ZEISS Ultra Prime,65mm_T1.9,,True,True,False,AUTO,ARRI / ZEISS,Ultra Prime,series exact
ARRI:ZEISS Ultra Prime,85mm_T1.9,,True,True,False,AUTO,ARRI / ZEISS,Ultra Prime,series exact
Alura,18-80mm_T2.6_18mm,18.0,True,True,False,AUTO,ARRI / FUJINON,Alura Studio Zoom 18-80 T2.6,range exact
Alura,18-80mm_T2.6_22mm,22.0,True,True,False,AUTO,ARRI / FUJINON,Alura Studio Zoom 18-80 T2.6,range exact
Alura,18-80mm_T2.6_25mm,25.0,True,True,False,AUTO,ARRI / FUJINON,Alura Studio Zoom 18-80 T2.6,range exact
Alura,18-80mm_T2.6_30mm,30.0,True,True,False,AUTO,ARRI / FUJINON,Alura Studio Zoom 18-80 T2.6,range exact
Alura,18-80mm_T2.6_35mm,35.0,True,True,False,AUTO,ARRI / FUJINON,Alura Studio Zoom 18-80 T2.6,range exact
Alura,18-80mm_T2.6_40mm,40.0,True,True,False,AUTO,ARRI / FUJINON,Alura Studio Zoom 18-80 T2.6,range exact
Alura,18-80mm_T2.6_50mm,50.0,True,True,False,AUTO,ARRI / FUJINON,Alura Studio Zoom 18-80 T2.6,range exact
Alura,18-80mm_T2.6_60mm,60.0,True,True,False,AUTO,ARRI / FUJINON,Alura Studio Zoom 18-80 T2.6,range exact
Alura,18-80mm_T2.6_70mm,70.0,True,True,False,AUTO,ARRI / FUJINON,Alura Studio Zoom 18-80 T2.6,range exact
Alura,18-80mm_T2.6_80mm,80.0,True,True,False,AUTO,ARRI / FUJINON,Alura Studio Zoom 18-80 T2.6,range exact
Alura,45-250mm_T2.6 100mm,100.0,True,True,False,AUTO,ARRI / FUJINON,Alura Studio Zoom 45-250 T2.6,range exact
Alura,45-250mm_T2.6 120mm,120.0,True,True,False,AUTO,ARRI / FUJINON,Alura Studio Zoom 45-250 T2.6,range exact
Alura,45-250mm_T2.6 140mm,140.0,True,True,False,AUTO,ARRI / FUJINON,Alura Studio Zoom 45-250 T2.6,range exact
Alura,45-250mm_T2.6 160mm,160.0,True,True,False,AUTO,ARRI / FUJINON,Alura Studio Zoom 45-250 T2.6,range exact
Alura,45-250mm_T2.6 180mm,180.0,True,True,False,AUTO,ARRI / FUJINON,Alura Studio Zoom 45-250 T2.6,range exact
Alura,45-250mm_T2.6 200mm,200.0,True,True,False,AUTO,ARRI / FUJINON,Alura Studio Zoom 45-250 T2.6,range exact
Alura,45-250mm_T2.6 250mm,250.0,True,True,False,AUTO,ARRI / FUJINON,Alura Studio Zoom 45-250 T2.6,range exact
Alura,45-250mm_T2.6_45mm,45.0,True,True,False,AUTO,ARRI / FUJINON,Alura Studio Zoom 45-250 T2.6,range exact
Alura,45-250mm_T2.6_50mm,50.0,True,True,False,AUTO,ARRI / FUJINON,Alura Studio Zoom 45-250 T2.6,range exact
Alura,45-250mm_T2.6_60mm,60.0,True,True,False,AUTO,ARRI / FUJINON,Alura Studio Zoom 45-250 T2.6,range exact
Alura,45-250mm_T2.6_70mm,70.0,True,True,False,AUTO,ARRI / FUJINON,Alura Studio Zoom 45-250 T2.6,range exact
Alura,45-250mm_T2.6_80mm,80.0,True,True,False,AUTO,ARRI / FUJINON,Alura Studio Zoom 45-250 T2.6,range exact
Alura,45-250mm_T2.6_90mm,90.0,True,True,False,AUTO,ARRI / FUJINON,Alura Studio Zoom 45-250 T2.6,range exact
Alura LIGHT WEIGHT,15.5-45mm_T2.8_15.5mm,15.5,True,True,False,AUTO,ARRI / FUJINON,Alura Lightweight Zoom 15.5-45 T2.8,range exact
Alura LIGHT WEIGHT,15.5-45mm_T2.8_18mm,18.0,True,True,False,AUTO,ARRI / FUJINON,Alura Lightweight Zoom 15.5-45 T2.8,range exact
Alura LIGHT WEIGHT,15.5-45mm_T2.8_20mm,20.0,True,True,False,AUTO,ARRI / FUJINON,Alura Lightweight Zoom 15.5-45 T2.8,range exact
Alura LIGHT WEIGHT,15.5-45mm_T2.8_22mm,22.0,True,True,False,AUTO,ARRI / FUJINON,Alura Lightweight Zoom 15.5-45 T2.8,range exact
Alura LIGHT WEIGHT,15.5-45mm_T2.8_25mm,25.0,True,True,False,AUTO,ARRI / FUJINON,Alura Lightweight Zoom 15.5-45 T2.8,range exact
Alura LIGHT WEIGHT,15.5-45mm_T2.8_28mm,28.0,True,True,False,AUTO,ARRI / FUJINON,Alura Lightweight Zoom 15.5-45 T2.8,range exact
Alura LIGHT WEIGHT,15.5-45mm_T2.8_30mm,30.0,True,True,False,AUTO,ARRI / FUJINON,Alura Lightweight Zoom 15.5-45 T2.8,range exact
Alura LIGHT WEIGHT,15.5-45mm_T2.8_32mm,32.0,True,True,False,AUTO,ARRI / FUJINON,Alura Lightweight Zoom 15.5-45 T2.8,range exact
Alura LIGHT WEIGHT,15.5-45mm_T2.8_35mm,35.0,True,True,False,AUTO,ARRI / FUJINON,Alura Lightweight Zoom 15.5-45 T2.8,range exact
Alura LIGHT WEIGHT,15.5-45mm_T2.8_40mm,40.0,True,True,False,AUTO,ARRI / FUJINON,Alura Lightweight Zoom 15.5-45 T2.8,range exact
Alura LIGHT WEIGHT,15.5-45mm_T2.8_45mm,45.0,True,True,False,AUTO,ARRI / FUJINON,Alura Lightweight Zoom 15.5-45 T2.8,range exact
Alura LIGHT WEIGHT,30-80mm_T2.8_30mm,30.0,False,False,True,AUTO,ARRI / FUJINON,Alura Lightweight Zoom 30-80 T2.8,range exact (CSV exists; capture image absent in supplied WebP library)
Alura LIGHT WEIGHT,30-80mm_T2.8_35mm,35.0,False,False,True,AUTO,ARRI / FUJINON,Alura Lightweight Zoom 30-80 T2.8,range exact (CSV exists; capture image absent in supplied WebP library)
Alura LIGHT WEIGHT,30-80mm_T2.8_40mm,40.0,False,False,True,AUTO,ARRI / FUJINON,Alura Lightweight Zoom 30-80 T2.8,range exact (CSV exists; capture image absent in supplied WebP library)
Alura LIGHT WEIGHT,30-80mm_T2.8_45mm,45.0,False,False,True,AUTO,ARRI / FUJINON,Alura Lightweight Zoom 30-80 T2.8,range exact (CSV exists; capture image absent in supplied WebP library)
Alura LIGHT WEIGHT,30-80mm_T2.8_50mm,50.0,False,False,True,AUTO,ARRI / FUJINON,Alura Lightweight Zoom 30-80 T2.8,range exact (CSV exists; capture image absent in supplied WebP library)
Alura LIGHT WEIGHT,30-80mm_T2.8_55mm,55.0,False,False,True,AUTO,ARRI / FUJINON,Alura Lightweight Zoom 30-80 T2.8,range exact (CSV exists; capture image absent in supplied WebP library)
Alura LIGHT WEIGHT,30-80mm_T2.8_60mm,60.0,False,False,True,AUTO,ARRI / FUJINON,Alura Lightweight Zoom 30-80 T2.8,range exact (CSV exists; capture image absent in supplied WebP library)
Alura LIGHT WEIGHT,30-80mm_T2.8_65mm,65.0,False,False,True,AUTO,ARRI / FUJINON,Alura Lightweight Zoom 30-80 T2.8,range exact (CSV exists; capture image absent in supplied WebP library)
Alura LIGHT WEIGHT,30-80mm_T2.8_70mm,70.0,False,False,True,AUTO,ARRI / FUJINON,Alura Lightweight Zoom 30-80 T2.8,range exact (CSV exists; capture image absent in supplied WebP library)
Alura LIGHT WEIGHT,30-80mm_T2.8_80mm,80.0,False,False,True,AUTO,ARRI / FUJINON,Alura Lightweight Zoom 30-80 T2.8,range exact (CSV exists; capture image absent in supplied WebP library)
Angenieux Optimo,17-80mm_T2.2_17mm,17.0,True,True,False,AUTO,Angénieux,Optimo 17-80 T2.2,range exact
Angenieux Optimo,17-80mm_T2.2_20mm,20.0,True,True,False,AUTO,Angénieux,Optimo 17-80 T2.2,range exact
Angenieux Optimo,17-80mm_T2.2_22mm,22.0,True,True,False,AUTO,Angénieux,Optimo 17-80 T2.2,range exact
Angenieux Optimo,17-80mm_T2.2_25mm,25.0,True,True,False,AUTO,Angénieux,Optimo 17-80 T2.2,range exact
Angenieux Optimo,17-80mm_T2.2_30mm,30.0,True,True,False,AUTO,Angénieux,Optimo 17-80 T2.2,range exact
Angenieux Optimo,17-80mm_T2.2_35mm,35.0,True,True,False,AUTO,Angénieux,Optimo 17-80 T2.2,range exact
Angenieux Optimo,17-80mm_T2.2_40mm,40.0,True,True,False,AUTO,Angénieux,Optimo 17-80 T2.2,range exact
Angenieux Optimo,17-80mm_T2.2_50mm,50.0,True,True,False,AUTO,Angénieux,Optimo 17-80 T2.2,range exact
Angenieux Optimo,17-80mm_T2.2_60mm,60.0,True,True,False,AUTO,Angénieux,Optimo 17-80 T2.2,range exact
Angenieux Optimo,17-80mm_T2.2_80mm,80.0,True,True,False,AUTO,Angénieux,Optimo 17-80 T2.2,range exact
Angenieux Optimo,24-290mm_T2.8 105mm,105.0,True,True,False,AUTO,Angénieux,Optimo 24-290 T2.8,range exact
Angenieux Optimo,24-290mm_T2.8 120mm,120.0,True,True,False,AUTO,Angénieux,Optimo 24-290 T2.8,range exact
Angenieux Optimo,24-290mm_T2.8 155mm,155.0,True,True,False,AUTO,Angénieux,Optimo 24-290 T2.8,range exact
Angenieux Optimo,24-290mm_T2.8 215mm,215.0,True,True,False,AUTO,Angénieux,Optimo 24-290 T2.8,range exact
Angenieux Optimo,24-290mm_T2.8 290mm,290.0,True,True,False,AUTO,Angénieux,Optimo 24-290 T2.8,range exact
Angenieux Optimo,24-290mm_T2.8_24mm,24.0,True,True,False,AUTO,Angénieux,Optimo 24-290 T2.8,range exact
Angenieux Optimo,24-290mm_T2.8_30mm,30.0,True,True,False,AUTO,Angénieux,Optimo 24-290 T2.8,range exact
Angenieux Optimo,24-290mm_T2.8_40mm,40.0,True,True,False,AUTO,Angénieux,Optimo 24-290 T2.8,range exact
Angenieux Optimo,24-290mm_T2.8_55mm,55.0,True,True,False,AUTO,Angénieux,Optimo 24-290 T2.8,range exact
Angenieux Optimo,24-290mm_T2.8_75mm,75.0,True,True,False,AUTO,Angénieux,Optimo 24-290 T2.8,range exact
Angenieux Optimo,45-120mm_T2.8 100mm,100.0,True,True,False,AUTO,Angénieux,Optimo 45-120 T2.8,range exact
Angenieux Optimo,45-120mm_T2.8 110mm,110.0,True,True,False,AUTO,Angénieux,Optimo 45-120 T2.8,range exact
Angenieux Optimo,45-120mm_T2.8 120mm,120.0,True,True,False,AUTO,Angénieux,Optimo 45-120 T2.8,range exact
Angenieux Optimo,45-120mm_T2.8_45mm,45.0,True,True,False,AUTO,Angénieux,Optimo 45-120 T2.8,range exact
Angenieux Optimo,45-120mm_T2.8_50mm,50.0,True,True,False,AUTO,Angénieux,Optimo 45-120 T2.8,range exact
Angenieux Optimo,45-120mm_T2.8_55mm,55.0,True,True,False,AUTO,Angénieux,Optimo 45-120 T2.8,range exact
Angenieux Optimo,45-120mm_T2.8_60mm,60.0,True,True,False,AUTO,Angénieux,Optimo 45-120 T2.8,range exact
Angenieux Optimo,45-120mm_T2.8_65mm,65.0,True,True,False,AUTO,Angénieux,Optimo 45-120 T2.8,range exact
Angenieux Optimo,45-120mm_T2.8_70mm,70.0,True,True,False,AUTO,Angénieux,Optimo 45-120 T2.8,range exact
Angenieux Optimo,45-120mm_T2.8_75mm,75.0,True,True,False,AUTO,Angénieux,Optimo 45-120 T2.8,range exact
Angenieux Optimo,45-120mm_T2.8_80mm,80.0,True,True,False,AUTO,Angénieux,Optimo 45-120 T2.8,range exact
Angenieux Optimo,45-120mm_T2.8_85mm,85.0,True,True,False,AUTO,Angénieux,Optimo 45-120 T2.8,range exact
Angenieux Optimo,45-120mm_T2.8_90mm,90.0,True,True,False,AUTO,Angénieux,Optimo 45-120 T2.8,range exact
Angenieux Optimo Anamorphic,44-440mm_T4.5 100m,100.0,True,True,False,AUTO,Angénieux,Optimo Anamorphic 44-440 A2S,range exact
Angenieux Optimo Anamorphic,44-440mm_T4.5 120mm,120.0,True,True,False,AUTO,Angénieux,Optimo Anamorphic 44-440 A2S,range exact
Angenieux Optimo Anamorphic,44-440mm_T4.5 150mm,150.0,True,True,False,AUTO,Angénieux,Optimo Anamorphic 44-440 A2S,range exact
Angenieux Optimo Anamorphic,44-440mm_T4.5 200mm,200.0,True,True,False,AUTO,Angénieux,Optimo Anamorphic 44-440 A2S,range exact
Angenieux Optimo Anamorphic,44-440mm_T4.5 250mm,250.0,True,True,False,AUTO,Angénieux,Optimo Anamorphic 44-440 A2S,range exact
Angenieux Optimo Anamorphic,44-440mm_T4.5 350mm,350.0,True,True,False,AUTO,Angénieux,Optimo Anamorphic 44-440 A2S,range exact
Angenieux Optimo Anamorphic,44-440mm_T4.5 440mm,440.0,True,True,False,AUTO,Angénieux,Optimo Anamorphic 44-440 A2S,range exact
Angenieux Optimo Anamorphic,44-440mm_T4.5_44mm,44.0,True,True,False,AUTO,Angénieux,Optimo Anamorphic 44-440 A2S,range exact
Angenieux Optimo Anamorphic,44-440mm_T4.5_50mm,50.0,True,True,False,AUTO,Angénieux,Optimo Anamorphic 44-440 A2S,range exact
Angenieux Optimo Anamorphic,44-440mm_T4.5_60mm,60.0,True,True,False,AUTO,Angénieux,Optimo Anamorphic 44-440 A2S,range exact
Angenieux Optimo Anamorphic,44-440mm_T4.5_75mm,75.0,True,True,False,AUTO,Angénieux,Optimo Anamorphic 44-440 A2S,range exact
Angenieux Optimo Anamorphic,56-152mm_T4.5 100mm,100.0,True,True,False,AUTO,Angénieux,Optimo Anamorphic 56-152 A2S,range exact
Angenieux Optimo Anamorphic,56-152mm_T4.5 110mm,110.0,True,True,False,AUTO,Angénieux,Optimo Anamorphic 56-152 A2S,range exact
Angenieux Optimo Anamorphic,56-152mm_T4.5 120mm,120.0,True,True,False,AUTO,Angénieux,Optimo Anamorphic 56-152 A2S,range exact
Angenieux Optimo Anamorphic,56-152mm_T4.5 130mm,130.0,True,True,False,AUTO,Angénieux,Optimo Anamorphic 56-152 A2S,range exact
Angenieux Optimo Anamorphic,56-152mm_T4.5 140mm,140.0,True,True,False,AUTO,Angénieux,Optimo Anamorphic 56-152 A2S,range exact
Angenieux Optimo Anamorphic,56-152mm_T4.5 152mm,152.0,True,True,False,AUTO,Angénieux,Optimo Anamorphic 56-152 A2S,range exact
Angenieux Optimo Anamorphic,56-152mm_T4.5_56mm,56.0,True,True,False,AUTO,Angénieux,Optimo Anamorphic 56-152 A2S,range exact
Angenieux Optimo Anamorphic,56-152mm_T4.5_60mm,60.0,True,True,False,AUTO,Angénieux,Optimo Anamorphic 56-152 A2S,range exact
Angenieux Optimo Anamorphic,56-152mm_T4.5_64mm,64.0,True,True,False,AUTO,Angénieux,Optimo Anamorphic 56-152 A2S,range exact
Angenieux Optimo Anamorphic,56-152mm_T4.5_70mm,70.0,True,True,False,AUTO,Angénieux,Optimo Anamorphic 56-152 A2S,range exact
Angenieux Optimo Anamorphic,56-152mm_T4.5_80mm,80.0,True,True,False,AUTO,Angénieux,Optimo Anamorphic 56-152 A2S,range exact
Angenieux Optimo Anamorphic,56-152mm_T4.5_90mm,90.0,True,True,False,AUTO,Angénieux,Optimo Anamorphic 56-152 A2S,range exact
Angenieux Optimo Style,16-40mm_T2.8_16mm,16.0,True,True,False,AUTO,Angénieux,Optimo Style 16-40 T2.8,range exact
Angenieux Optimo Style,16-40mm_T2.8_17mm,17.0,True,True,False,AUTO,Angénieux,Optimo Style 16-40 T2.8,range exact
Angenieux Optimo Style,16-40mm_T2.8_18mm,18.0,True,True,False,AUTO,Angénieux,Optimo Style 16-40 T2.8,range exact
Angenieux Optimo Style,16-40mm_T2.8_20mm,20.0,True,True,False,AUTO,Angénieux,Optimo Style 16-40 T2.8,range exact
Angenieux Optimo Style,16-40mm_T2.8_21m,21.0,True,True,False,AUTO,Angénieux,Optimo Style 16-40 T2.8,range exact
Angenieux Optimo Style,16-40mm_T2.8_23mm,23.0,True,True,False,AUTO,Angénieux,Optimo Style 16-40 T2.8,range exact
Angenieux Optimo Style,16-40mm_T2.8_25mm,25.0,True,True,False,AUTO,Angénieux,Optimo Style 16-40 T2.8,range exact
Angenieux Optimo Style,16-40mm_T2.8_27mm,27.0,True,True,False,AUTO,Angénieux,Optimo Style 16-40 T2.8,range exact
Angenieux Optimo Style,16-40mm_T2.8_30mm,30.0,True,True,False,AUTO,Angénieux,Optimo Style 16-40 T2.8,range exact
Angenieux Optimo Style,16-40mm_T2.8_33mm,33.0,True,True,False,AUTO,Angénieux,Optimo Style 16-40 T2.8,range exact
Angenieux Optimo Style,16-40mm_T2.8_40mm,40.0,True,True,False,AUTO,Angénieux,Optimo Style 16-40 T2.8,range exact
Angenieux Optimo Style,25-250mm_T3.5 100mm,100.0,True,True,False,AUTO,Angénieux,Optimo Style 25-250 T3.5,range exact
Angenieux Optimo Style,25-250mm_T3.5 125mm,125.0,True,True,False,AUTO,Angénieux,Optimo Style 25-250 T3.5,range exact
Angenieux Optimo Style,25-250mm_T3.5 150mm,150.0,True,True,False,AUTO,Angénieux,Optimo Style 25-250 T3.5,range exact
Angenieux Optimo Style,25-250mm_T3.5 200mm,200.0,True,True,False,AUTO,Angénieux,Optimo Style 25-250 T3.5,range exact
Angenieux Optimo Style,25-250mm_T3.5 250mm,250.0,True,True,False,AUTO,Angénieux,Optimo Style 25-250 T3.5,range exact
Angenieux Optimo Style,25-250mm_T3.5_25mm,25.0,True,True,False,AUTO,Angénieux,Optimo Style 25-250 T3.5,range exact
Angenieux Optimo Style,25-250mm_T3.5_30mm,30.0,True,True,False,AUTO,Angénieux,Optimo Style 25-250 T3.5,range exact
Angenieux Optimo Style,25-250mm_T3.5_35mm,35.0,True,True,False,AUTO,Angénieux,Optimo Style 25-250 T3.5,range exact
Angenieux Optimo Style,25-250mm_T3.5_40mm,40.0,True,True,False,AUTO,Angénieux,Optimo Style 25-250 T3.5,range exact
Angenieux Optimo Style,25-250mm_T3.5_50mm,50.0,True,True,False,AUTO,Angénieux,Optimo Style 25-250 T3.5,range exact
Angenieux Optimo Style,25-250mm_T3.5_60mm,60.0,True,True,False,AUTO,Angénieux,Optimo Style 25-250 T3.5,range exact
Angenieux Optimo Style,25-250mm_T3.5_75mm,75.0,True,True,False,AUTO,Angénieux,Optimo Style 25-250 T3.5,range exact
Angenieux Optimo Style,25-250mm_T3.5_85mm,85.0,True,True,False,AUTO,Angénieux,Optimo Style 25-250 T3.5,range exact
Angenieux Optimo Style,30-76mm_T2.8_30mm,30.0,True,True,False,AUTO,Angénieux,Optimo Style 30-76 T2.8,range exact
Angenieux Optimo Style,30-76mm_T2.8_32mm,32.0,True,True,False,AUTO,Angénieux,Optimo Style 30-76 T2.8,range exact
Angenieux Optimo Style,30-76mm_T2.8_35mm,35.0,True,True,False,AUTO,Angénieux,Optimo Style 30-76 T2.8,range exact
Angenieux Optimo Style,30-76mm_T2.8_40mm,40.0,True,True,False,AUTO,Angénieux,Optimo Style 30-76 T2.8,range exact
Angenieux Optimo Style,30-76mm_T2.8_45mm,45.0,True,True,False,AUTO,Angénieux,Optimo Style 30-76 T2.8,range exact
Angenieux Optimo Style,30-76mm_T2.8_50mm,50.0,True,True,False,AUTO,Angénieux,Optimo Style 30-76 T2.8,range exact
Angenieux Optimo Style,30-76mm_T2.8_55mm,55.0,True,True,False,AUTO,Angénieux,Optimo Style 30-76 T2.8,range exact
Angenieux Optimo Style,30-76mm_T2.8_60mm,60.0,True,True,False,AUTO,Angénieux,Optimo Style 30-76 T2.8,range exact
Angenieux Optimo Style,30-76mm_T2.8_65mm,65.0,True,True,False,AUTO,Angénieux,Optimo Style 30-76 T2.8,range exact
Angenieux Optimo Style,30-76mm_T2.8_70mm,70.0,True,True,False,AUTO,Angénieux,Optimo Style 30-76 T2.8,range exact
Angenieux Optimo Style,30-76mm_T2.8_76mm,76.0,True,True,False,AUTO,Angénieux,Optimo Style 30-76 T2.8,range exact
Angenieux Optimo Style,48-130mm_T3 110mm,110.0,True,True,False,AUTO,Angénieux,Optimo Style 48-130 T3,range exact
Angenieux Optimo Style,48-130mm_T3 120mm,120.0,True,True,False,AUTO,Angénieux,Optimo Style 48-130 T3,range exact
Angenieux Optimo Style,48-130mm_T3 130mm,130.0,True,True,False,AUTO,Angénieux,Optimo Style 48-130 T3,range exact
Angenieux Optimo Style,48-130mm_T3_48mm,48.0,True,True,False,AUTO,Angénieux,Optimo Style 48-130 T3,range exact
Angenieux Optimo Style,48-130mm_T3_55mm,55.0,True,True,False,AUTO,Angénieux,Optimo Style 48-130 T3,range exact
Angenieux Optimo Style,48-130mm_T3_60mm,60.0,True,True,False,AUTO,Angénieux,Optimo Style 48-130 T3,range exact
Angenieux Optimo Style,48-130mm_T3_65mm,65.0,True,True,False,AUTO,Angénieux,Optimo Style 48-130 T3,range exact
Angenieux Optimo Style,48-130mm_T3_70mm,70.0,True,True,False,AUTO,Angénieux,Optimo Style 48-130 T3,range exact
Angenieux Optimo Style,48-130mm_T3_75mm,75.0,True,True,False,AUTO,Angénieux,Optimo Style 48-130 T3,range exact
Angenieux Optimo Style,48-130mm_T3_80mm,80.0,True,True,False,AUTO,Angénieux,Optimo Style 48-130 T3,range exact
Angenieux Optimo Style,48-130mm_T3_85mm,85.0,True,True,False,AUTO,Angénieux,Optimo Style 48-130 T3,range exact
Angenieux Optimo Style,48-130mm_T3_90mm,90.0,True,True,False,AUTO,Angénieux,Optimo Style 48-130 T3,range exact
Angenieux Optimo Style,48-130mm_T3_95mm,95.0,True,True,False,AUTO,Angénieux,Optimo Style 48-130 T3,range exact
Angenieux Optimo Ultra _U35,26-320mm_T3.1 100mm,100.0,True,True,False,AUTO,Angénieux,Optimo Ultra 12x U35,U35 26-320 range matches LensScope U35 family
Angenieux Optimo Ultra _U35,26-320mm_T3.1 120mm,120.0,True,True,False,AUTO,Angénieux,Optimo Ultra 12x U35,U35 26-320 range matches LensScope U35 family
Angenieux Optimo Ultra _U35,26-320mm_T3.1 150mm,150.0,True,True,False,AUTO,Angénieux,Optimo Ultra 12x U35,U35 26-320 range matches LensScope U35 family
Angenieux Optimo Ultra _U35,26-320mm_T3.1 200mm,200.0,True,True,False,AUTO,Angénieux,Optimo Ultra 12x U35,U35 26-320 range matches LensScope U35 family
Angenieux Optimo Ultra _U35,26-320mm_T3.1 250mm,250.0,True,True,False,AUTO,Angénieux,Optimo Ultra 12x U35,U35 26-320 range matches LensScope U35 family
Angenieux Optimo Ultra _U35,26-320mm_T3.1 320mm,320.0,True,True,False,AUTO,Angénieux,Optimo Ultra 12x U35,U35 26-320 range matches LensScope U35 family
Angenieux Optimo Ultra _U35,26-320mm_T3.1_26mm,26.0,True,True,False,AUTO,Angénieux,Optimo Ultra 12x U35,U35 26-320 range matches LensScope U35 family
Angenieux Optimo Ultra _U35,26-320mm_T3.1_30mm,30.0,True,True,False,AUTO,Angénieux,Optimo Ultra 12x U35,U35 26-320 range matches LensScope U35 family
Angenieux Optimo Ultra _U35,26-320mm_T3.1_35mm,35.0,True,True,False,AUTO,Angénieux,Optimo Ultra 12x U35,U35 26-320 range matches LensScope U35 family
Angenieux Optimo Ultra _U35,26-320mm_T3.1_40mm,40.0,True,True,False,AUTO,Angénieux,Optimo Ultra 12x U35,U35 26-320 range matches LensScope U35 family
Angenieux Optimo Ultra _U35,26-320mm_T3.1_50mm,50.0,True,True,False,AUTO,Angénieux,Optimo Ultra 12x U35,U35 26-320 range matches LensScope U35 family
Angenieux Optimo Ultra _U35,26-320mm_T3.1_60mm,60.0,True,True,False,AUTO,Angénieux,Optimo Ultra 12x U35,U35 26-320 range matches LensScope U35 family
Angenieux Optimo Ultra _U35,26-320mm_T3.1_75mm,75.0,True,True,False,AUTO,Angénieux,Optimo Ultra 12x U35,U35 26-320 range matches LensScope U35 family
Angenieux Type EZ-1_S35,30-90mm_T2.0_30mm,30.0,True,True,False,AUTO,Angénieux,Type EZ-1 S35 30-90 T2,series/range exact
Angenieux Type EZ-1_S35,30-90mm_T2.0_35mm,35.0,True,True,False,AUTO,Angénieux,Type EZ-1 S35 30-90 T2,series/range exact
Angenieux Type EZ-1_S35,30-90mm_T2.0_40mm,40.0,True,True,False,AUTO,Angénieux,Type EZ-1 S35 30-90 T2,series/range exact
Angenieux Type EZ-1_S35,30-90mm_T2.0_50mm,50.0,True,True,False,AUTO,Angénieux,Type EZ-1 S35 30-90 T2,series/range exact
Angenieux Type EZ-1_S35,30-90mm_T2.0_65mm,65.0,True,True,False,AUTO,Angénieux,Type EZ-1 S35 30-90 T2,series/range exact
Angenieux Type EZ-1_S35,30-90mm_T2.0_75mm,75.0,True,True,False,AUTO,Angénieux,Type EZ-1 S35 30-90 T2,series/range exact
Angenieux Type EZ-1_S35,30-90mm_T2.0_90mm,90.0,True,True,False,AUTO,Angénieux,Type EZ-1 S35 30-90 T2,series/range exact
Angenieux Type EZ-2_S35,15-40mm_T2.0_15mm,15.0,True,True,False,AUTO,Angénieux,Type EZ-2 S35 15-40 T2,series/range exact
Angenieux Type EZ-2_S35,15-40mm_T2.0_17mm,17.0,True,True,False,AUTO,Angénieux,Type EZ-2 S35 15-40 T2,series/range exact
Angenieux Type EZ-2_S35,15-40mm_T2.0_20mm,20.0,True,True,False,AUTO,Angénieux,Type EZ-2 S35 15-40 T2,series/range exact
Angenieux Type EZ-2_S35,15-40mm_T2.0_25mm,25.0,True,True,False,AUTO,Angénieux,Type EZ-2 S35 15-40 T2,series/range exact
Angenieux Type EZ-2_S35,15-40mm_T2.0_30mm,30.0,True,True,False,AUTO,Angénieux,Type EZ-2 S35 15-40 T2,series/range exact
Angenieux Type EZ-2_S35,15-40mm_T2.0_35mm,35.0,True,True,False,AUTO,Angénieux,Type EZ-2 S35 15-40 T2,series/range exact
Angenieux Type EZ-2_S35,15-40mm_T2.0_40mm,40.0,True,True,False,AUTO,Angénieux,Type EZ-2 S35 15-40 T2,series/range exact
Canon CINE-SERVO,CN10×25_T2.95 120mm,120.0,True,True,False,AUTO,Canon,CINE-SERVO CN10x25 25-250 T2.95-3.95,model/range exact
Canon CINE-SERVO,CN10×25_T2.95_25mm,25.0,True,True,False,AUTO,Canon,CINE-SERVO CN10x25 25-250 T2.95-3.95,model/range exact
Canon CINE-SERVO,CN10×25_T2.95_35mm,35.0,True,True,False,AUTO,Canon,CINE-SERVO CN10x25 25-250 T2.95-3.95,model/range exact
Canon CINE-SERVO,CN10×25_T2.95_50mm,50.0,True,True,False,AUTO,Canon,CINE-SERVO CN10x25 25-250 T2.95-3.95,model/range exact
Canon CINE-SERVO,CN10×25_T2.95_85mm,85.0,True,True,False,AUTO,Canon,CINE-SERVO CN10x25 25-250 T2.95-3.95,model/range exact
Canon CINE-SERVO,CN10×25_T3.95 250mm,250.0,True,True,False,AUTO,Canon,CINE-SERVO CN10x25 25-250 T2.95-3.95,model/range exact
Canon CINE-SERVO,CN20×50_T5 100mm,100.0,True,True,False,AUTO,Canon,CINE-SERVO CN20x50 50-1000 T5.0-8.9,model/range exact
Canon CINE-SERVO,CN20×50_T5 200mm,200.0,True,True,False,AUTO,Canon,CINE-SERVO CN20x50 50-1000 T5.0-8.9,model/range exact
Canon CINE-SERVO,CN20×50_T5 500mm,500.0,True,True,False,AUTO,Canon,CINE-SERVO CN20x50 50-1000 T5.0-8.9,model/range exact
Canon CINE-SERVO,CN20×50_T5_50mm,50.0,True,True,False,AUTO,Canon,CINE-SERVO CN20x50 50-1000 T5.0-8.9,model/range exact
Canon CINE-SERVO,CN20×50_T5_75mm,75.0,True,True,False,AUTO,Canon,CINE-SERVO CN20x50 50-1000 T5.0-8.9,model/range exact
Canon CINE-SERVO,CN20×50_T8 1000mm,1000.0,True,True,False,AUTO,Canon,CINE-SERVO CN20x50 50-1000 T5.0-8.9,model/range exact
Canon CINE-SERVO,CN7×17_T2.95_17mm,17.0,True,True,False,AUTO,Canon,CINE-SERVO CN7x17 17-120 T2.95-3.9,model/range exact
Canon CINE-SERVO,CN7×17_T2.95_25mm,25.0,True,True,False,AUTO,Canon,CINE-SERVO CN7x17 17-120 T2.95-3.9,model/range exact
Canon CINE-SERVO,CN7×17_T2.95_35mm,35.0,True,True,False,AUTO,Canon,CINE-SERVO CN7x17 17-120 T2.95-3.9,model/range exact
Canon CINE-SERVO,CN7×17_T2.95_50mm,50.0,True,True,False,AUTO,Canon,CINE-SERVO CN7x17 17-120 T2.95-3.9,model/range exact
Canon CINE-SERVO,CN7×17_T2.95_90mm,90.0,True,True,False,AUTO,Canon,CINE-SERVO CN7x17 17-120 T2.95-3.9,model/range exact
Canon CINE-SERVO,CN7×17_T3.9 120mm,120.0,True,True,False,AUTO,Canon,CINE-SERVO CN7x17 17-120 T2.95-3.9,model/range exact
Canon CN-E,14.5-60_T2.6_14.5mm,14.5,True,True,False,AUTO,Canon,CN-E 14.5-60 T2.6,range exact
Canon CN-E,14.5-60_T2.6_16mm,16.0,True,True,False,AUTO,Canon,CN-E 14.5-60 T2.6,range exact
Canon CN-E,14.5-60_T2.6_18mm,18.0,True,True,False,AUTO,Canon,CN-E 14.5-60 T2.6,range exact
Canon CN-E,14.5-60_T2.6_20mm,20.0,True,True,False,AUTO,Canon,CN-E 14.5-60 T2.6,range exact
Canon CN-E,14.5-60_T2.6_22mm,22.0,True,True,False,AUTO,Canon,CN-E 14.5-60 T2.6,range exact
Canon CN-E,14.5-60_T2.6_25mm,25.0,True,True,False,AUTO,Canon,CN-E 14.5-60 T2.6,range exact
Canon CN-E,14.5-60_T2.6_28mm,28.0,True,True,False,AUTO,Canon,CN-E 14.5-60 T2.6,range exact
Canon CN-E,14.5-60_T2.6_30mm,30.0,True,True,False,AUTO,Canon,CN-E 14.5-60 T2.6,range exact
Canon CN-E,14.5-60_T2.6_32mm,32.0,True,True,False,AUTO,Canon,CN-E 14.5-60 T2.6,range exact
Canon CN-E,14.5-60_T2.6_35mm,35.0,True,True,False,AUTO,Canon,CN-E 14.5-60 T2.6,range exact
Canon CN-E,14.5-60_T2.6_40mm,40.0,True,True,False,AUTO,Canon,CN-E 14.5-60 T2.6,range exact
Canon CN-E,14.5-60_T2.6_45mm,45.0,True,True,False,AUTO,Canon,CN-E 14.5-60 T2.6,range exact
Canon CN-E,14.5-60_T2.6_50mm,50.0,True,True,False,AUTO,Canon,CN-E 14.5-60 T2.6,range exact
Canon CN-E,14.5-60_T2.6_55mm,55.0,True,True,False,AUTO,Canon,CN-E 14.5-60 T2.6,range exact
Canon CN-E,14.5-60_T2.6_60mm,60.0,True,True,False,AUTO,Canon,CN-E 14.5-60 T2.6,range exact
Canon CN-E,15.5-47_T2.8_15.5mm,15.5,True,True,False,AUTO,Canon,CN-E 15.5-47 T2.8,range exact
Canon CN-E,15.5-47_T2.8_17mm,17.0,True,True,False,AUTO,Canon,CN-E 15.5-47 T2.8,range exact
Canon CN-E,15.5-47_T2.8_18mm,18.0,True,True,False,AUTO,Canon,CN-E 15.5-47 T2.8,range exact
Canon CN-E,15.5-47_T2.8_19mm,19.0,True,True,False,AUTO,Canon,CN-E 15.5-47 T2.8,range exact
Canon CN-E,15.5-47_T2.8_20mm,20.0,True,True,False,AUTO,Canon,CN-E 15.5-47 T2.8,range exact
Canon CN-E,15.5-47_T2.8_22mm,22.0,True,True,False,AUTO,Canon,CN-E 15.5-47 T2.8,range exact
Canon CN-E,15.5-47_T2.8_24mm,24.0,True,True,False,AUTO,Canon,CN-E 15.5-47 T2.8,range exact
Canon CN-E,15.5-47_T2.8_26mm,26.0,True,True,False,AUTO,Canon,CN-E 15.5-47 T2.8,range exact
Canon CN-E,15.5-47_T2.8_28mm,28.0,True,True,False,AUTO,Canon,CN-E 15.5-47 T2.8,range exact
Canon CN-E,15.5-47_T2.8_30mm,30.0,True,True,False,AUTO,Canon,CN-E 15.5-47 T2.8,range exact
Canon CN-E,15.5-47_T2.8_32mm,32.0,True,True,False,AUTO,Canon,CN-E 15.5-47 T2.8,range exact
Canon CN-E,15.5-47_T2.8_35mm,35.0,True,True,False,AUTO,Canon,CN-E 15.5-47 T2.8,range exact
Canon CN-E,15.5-47_T2.8_40mm,40.0,True,True,False,AUTO,Canon,CN-E 15.5-47 T2.8,range exact
Canon CN-E,15.5-47_T2.8_47mm,47.0,True,True,False,AUTO,Canon,CN-E 15.5-47 T2.8,range exact
Canon CN-E,30-105_T2.8 105mm,105.0,True,True,False,AUTO,Canon,CN-E 30-105 T2.8,range exact
Canon CN-E,30-105_T2.8_30mm,30.0,True,True,False,AUTO,Canon,CN-E 30-105 T2.8,range exact
Canon CN-E,30-105_T2.8_32mm,32.0,True,True,False,AUTO,Canon,CN-E 30-105 T2.8,range exact
Canon CN-E,30-105_T2.8_35mm,35.0,True,True,False,AUTO,Canon,CN-E 30-105 T2.8,range exact
Canon CN-E,30-105_T2.8_40mm,40.0,True,True,False,AUTO,Canon,CN-E 30-105 T2.8,range exact
Canon CN-E,30-105_T2.8_45mm,45.0,True,True,False,AUTO,Canon,CN-E 30-105 T2.8,range exact
Canon CN-E,30-105_T2.8_50mm,50.0,True,True,False,AUTO,Canon,CN-E 30-105 T2.8,range exact
Canon CN-E,30-105_T2.8_55mm,55.0,True,True,False,AUTO,Canon,CN-E 30-105 T2.8,range exact
Canon CN-E,30-105_T2.8_60mm,60.0,True,True,False,AUTO,Canon,CN-E 30-105 T2.8,range exact
Canon CN-E,30-105_T2.8_65mm,65.0,True,True,False,AUTO,Canon,CN-E 30-105 T2.8,range exact
Canon CN-E,30-105_T2.8_75mm,75.0,True,True,False,AUTO,Canon,CN-E 30-105 T2.8,range exact
Canon CN-E,30-105_T2.8_85mm,85.0,True,True,False,AUTO,Canon,CN-E 30-105 T2.8,range exact
Canon CN-E,30-105_T2.8_95mm,95.0,True,True,False,AUTO,Canon,CN-E 30-105 T2.8,range exact
Canon CN-E,30-300_T2.95 100mm,100.0,True,True,False,AUTO,Canon,CN-E 30-300 T2.95-3.7,range exact
Canon CN-E,30-300_T2.95 110mm,110.0,True,True,False,AUTO,Canon,CN-E 30-300 T2.95-3.7,range exact
Canon CN-E,30-300_T2.95 120mm,120.0,True,True,False,AUTO,Canon,CN-E 30-300 T2.95-3.7,range exact
Canon CN-E,30-300_T2.95 135mm,135.0,True,True,False,AUTO,Canon,CN-E 30-300 T2.95-3.7,range exact
Canon CN-E,30-300_T2.95 150mm,150.0,True,True,False,AUTO,Canon,CN-E 30-300 T2.95-3.7,range exact
Canon CN-E,30-300_T2.95 180mm,180.0,True,True,False,AUTO,Canon,CN-E 30-300 T2.95-3.7,range exact
Canon CN-E,30-300_T2.95 200mm,200.0,True,True,False,AUTO,Canon,CN-E 30-300 T2.95-3.7,range exact
Canon CN-E,30-300_T2.95 240mm,240.0,True,True,False,AUTO,Canon,CN-E 30-300 T2.95-3.7,range exact
Canon CN-E,30-300_T2.95 300mm,300.0,True,True,False,AUTO,Canon,CN-E 30-300 T2.95-3.7,range exact
Canon CN-E,30-300_T2.95_30mm,30.0,True,True,False,AUTO,Canon,CN-E 30-300 T2.95-3.7,range exact
Canon CN-E,30-300_T2.95_32mm,32.0,True,True,False,AUTO,Canon,CN-E 30-300 T2.95-3.7,range exact
Canon CN-E,30-300_T2.95_35mm,35.0,True,True,False,AUTO,Canon,CN-E 30-300 T2.95-3.7,range exact
Canon CN-E,30-300_T2.95_40mm,40.0,True,True,False,AUTO,Canon,CN-E 30-300 T2.95-3.7,range exact
Canon CN-E,30-300_T2.95_45mm,45.0,True,True,False,AUTO,Canon,CN-E 30-300 T2.95-3.7,range exact
Canon CN-E,30-300_T2.95_50mm,50.0,True,True,False,AUTO,Canon,CN-E 30-300 T2.95-3.7,range exact
Canon CN-E,30-300_T2.95_55mm,55.0,True,True,False,AUTO,Canon,CN-E 30-300 T2.95-3.7,range exact
Canon CN-E,30-300_T2.95_60mm,60.0,True,True,False,AUTO,Canon,CN-E 30-300 T2.95-3.7,range exact
Canon CN-E,30-300_T2.95_65mm,65.0,True,True,False,AUTO,Canon,CN-E 30-300 T2.95-3.7,range exact
Canon CN-E,30-300_T2.95_75mm,75.0,True,True,False,AUTO,Canon,CN-E 30-300 T2.95-3.7,range exact
Canon CN-E,30-300_T2.95_85mm,85.0,True,True,False,AUTO,Canon,CN-E 30-300 T2.95-3.7,range exact
Celere,18.5mm_T1.5,,True,True,False,AUTO,HANSE INNO TECH,Celere HS,Celere source series -> LensScope Celere HS; focal set consistent
Celere,25mm_T1.5,,True,True,False,AUTO,HANSE INNO TECH,Celere HS,Celere source series -> LensScope Celere HS; focal set consistent
Celere,36mm_T1.5,,True,True,False,AUTO,HANSE INNO TECH,Celere HS,Celere source series -> LensScope Celere HS; focal set consistent
Celere,50mm_T1.5,,True,True,False,AUTO,HANSE INNO TECH,Celere HS,Celere source series -> LensScope Celere HS; focal set consistent
Celere,85mm_T1.5,,True,True,False,AUTO,HANSE INNO TECH,Celere HS,Celere source series -> LensScope Celere HS; focal set consistent
Cooke Anamorphic:i, 100mm_T2.3,,True,True,False,AUTO,Cooke,S35 Anamorphic/i 2x,source focal set matches Cooke S35 Anamorphic/i; not FF Plus
Cooke Anamorphic:i,25mm_T2.3,,True,True,False,AUTO,Cooke,S35 Anamorphic/i 2x,source focal set matches Cooke S35 Anamorphic/i; not FF Plus
Cooke Anamorphic:i,32mm_T2.3,,True,True,False,AUTO,Cooke,S35 Anamorphic/i 2x,source focal set matches Cooke S35 Anamorphic/i; not FF Plus
Cooke Anamorphic:i,40mm_T2.3,,True,True,False,AUTO,Cooke,S35 Anamorphic/i 2x,source focal set matches Cooke S35 Anamorphic/i; not FF Plus
Cooke Anamorphic:i,50mm_T2.3,,True,True,False,AUTO,Cooke,S35 Anamorphic/i 2x,source focal set matches Cooke S35 Anamorphic/i; not FF Plus
Cooke Anamorphic:i,75mm_T2.3,,True,True,False,AUTO,Cooke,S35 Anamorphic/i 2x,source focal set matches Cooke S35 Anamorphic/i; not FF Plus
Cooke_Panchro, 100mm_T2.6,,True,True,False,REVIEW,,,ambiguous: legacy Panchro capture must not be auto-linked to PANCHRO/i Classic FF vs S35 without provenance
Cooke_Panchro, 135mm_T2.8,,True,True,False,REVIEW,,,ambiguous: legacy Panchro capture must not be auto-linked to PANCHRO/i Classic FF vs S35 without provenance
Cooke_Panchro, 152mm_T3,,True,True,False,REVIEW,,,ambiguous: legacy Panchro capture must not be auto-linked to PANCHRO/i Classic FF vs S35 without provenance
Cooke_Panchro,18mm_T2.2,,True,True,False,REVIEW,,,ambiguous: legacy Panchro capture must not be auto-linked to PANCHRO/i Classic FF vs S35 without provenance
Cooke_Panchro,21mm_T2.2,,True,True,False,REVIEW,,,ambiguous: legacy Panchro capture must not be auto-linked to PANCHRO/i Classic FF vs S35 without provenance
Cooke_Panchro,25mm_T2.2,,True,True,False,REVIEW,,,ambiguous: legacy Panchro capture must not be auto-linked to PANCHRO/i Classic FF vs S35 without provenance
Cooke_Panchro,27mm_T2.2,,True,True,False,REVIEW,,,ambiguous: legacy Panchro capture must not be auto-linked to PANCHRO/i Classic FF vs S35 without provenance
Cooke_Panchro,32mm_T2.2,,True,True,False,REVIEW,,,ambiguous: legacy Panchro capture must not be auto-linked to PANCHRO/i Classic FF vs S35 without provenance
Cooke_Panchro,40mm_T2.2,,True,True,False,REVIEW,,,ambiguous: legacy Panchro capture must not be auto-linked to PANCHRO/i Classic FF vs S35 without provenance
Cooke_Panchro,50mm_T2.2,,True,True,False,REVIEW,,,ambiguous: legacy Panchro capture must not be auto-linked to PANCHRO/i Classic FF vs S35 without provenance
Cooke_Panchro,65mm_Macro_T2.4,,True,True,False,REVIEW,,,ambiguous: legacy Panchro capture must not be auto-linked to PANCHRO/i Classic FF vs S35 without provenance
Cooke_Panchro,75mm_T2.2,,True,True,False,REVIEW,,,ambiguous: legacy Panchro capture must not be auto-linked to PANCHRO/i Classic FF vs S35 without provenance
Cooke_S4, 100mm T2,100.0,True,True,False,AUTO,Cooke,S4/i,series/focal set exact
Cooke_S4, 135mm T2,135.0,True,True,False,AUTO,Cooke,S4/i,series/focal set exact
Cooke_S4, 150mm T2,150.0,True,True,False,AUTO,Cooke,S4/i,series/focal set exact
Cooke_S4, 180mm T2,180.0,True,True,False,AUTO,Cooke,S4/i,series/focal set exact
Cooke_S4,12mm_T2,,True,True,False,AUTO,Cooke,S4/i,series/focal set exact
Cooke_S4,14mm_T2,,True,True,False,AUTO,Cooke,S4/i,series/focal set exact
Cooke_S4,16mm_T2,,True,True,False,AUTO,Cooke,S4/i,series/focal set exact
Cooke_S4,18mm_T2,,True,True,False,AUTO,Cooke,S4/i,series/focal set exact
Cooke_S4,21mm_T2,,True,True,False,AUTO,Cooke,S4/i,series/focal set exact
Cooke_S4,25mm_T2,,True,True,False,AUTO,Cooke,S4/i,series/focal set exact
Cooke_S4,27mm_T2,,False,False,True,AUTO,Cooke,S4/i,series/focal set exact
Cooke_S4,32mm_T2,,True,True,False,AUTO,Cooke,S4/i,series/focal set exact
Cooke_S4,35mm_T2,,True,True,False,AUTO,Cooke,S4/i,series/focal set exact
Cooke_S4,40mm_T2,,True,True,False,AUTO,Cooke,S4/i,series/focal set exact
Cooke_S4,50mm_T2,,True,True,False,AUTO,Cooke,S4/i,series/focal set exact
Cooke_S4,65mm_T2,,True,True,False,AUTO,Cooke,S4/i,series/focal set exact
Cooke_S4,75mm_T2,,True,True,False,AUTO,Cooke,S4/i,series/focal set exact
Cooke_Varo-Panchro,20-60mm_T3.1_20mm,20.0,True,True,False,AUTO,Cooke,Varo-Panchro 20-60 T3.1,range exact
Cooke_Varo-Panchro,20-60mm_T3.1_25mm,25.0,True,True,False,AUTO,Cooke,Varo-Panchro 20-60 T3.1,range exact
Cooke_Varo-Panchro,20-60mm_T3.1_30mm,30.0,True,True,False,AUTO,Cooke,Varo-Panchro 20-60 T3.1,range exact
Cooke_Varo-Panchro,20-60mm_T3.1_40mm,40.0,True,True,False,AUTO,Cooke,Varo-Panchro 20-60 T3.1,range exact
Cooke_Varo-Panchro,20-60mm_T3.1_50mm,50.0,True,True,False,AUTO,Cooke,Varo-Panchro 20-60 T3.1,range exact
Cooke_Varo-Panchro,20-60mm_T3.1_60mm,60.0,True,True,False,AUTO,Cooke,Varo-Panchro 20-60 T3.1,range exact
Cooke_Wide Angle Varotal,14-70mm_T3.1_14mm,14.0,True,True,False,AUTO,Cooke,Wide-Angle Varotal 14-70 T3.1,range exact
Cooke_Wide Angle Varotal,14-70mm_T3.1_17mm,17.0,True,True,False,AUTO,Cooke,Wide-Angle Varotal 14-70 T3.1,range exact
Cooke_Wide Angle Varotal,14-70mm_T3.1_20mm,20.0,True,True,False,AUTO,Cooke,Wide-Angle Varotal 14-70 T3.1,range exact
Cooke_Wide Angle Varotal,14-70mm_T3.1_25mm,25.0,True,True,False,AUTO,Cooke,Wide-Angle Varotal 14-70 T3.1,range exact
Cooke_Wide Angle Varotal,14-70mm_T3.1_32mm,32.0,True,True,False,AUTO,Cooke,Wide-Angle Varotal 14-70 T3.1,range exact
Cooke_Wide Angle Varotal,14-70mm_T3.1_40mm,40.0,True,True,False,AUTO,Cooke,Wide-Angle Varotal 14-70 T3.1,range exact
Cooke_Wide Angle Varotal,14-70mm_T3.1_50mm,50.0,True,True,False,AUTO,Cooke,Wide-Angle Varotal 14-70 T3.1,range exact
Cooke_Wide Angle Varotal,14-70mm_T3.1_60mm,60.0,True,True,False,AUTO,Cooke,Wide-Angle Varotal 14-70 T3.1,range exact
Cooke_Wide Angle Varotal,14-70mm_T3.1_70mm,70.0,True,True,False,AUTO,Cooke,Wide-Angle Varotal 14-70 T3.1,range exact
DZOFILM_PAVO_x2_Anamorphic, 100mm_T2.4,,True,True,False,AUTO,DZOFILM,PAVO Anamorphic 2x,series/focal set exact
DZOFILM_PAVO_x2_Anamorphic, 135mm_T2.5,,True,True,False,AUTO,DZOFILM,PAVO Anamorphic 2x,series/focal set exact
DZOFILM_PAVO_x2_Anamorphic, 180mm_T2.8,,True,True,False,AUTO,DZOFILM,PAVO Anamorphic 2x,series/focal set exact
DZOFILM_PAVO_x2_Anamorphic,28mm_T2.1,,True,True,False,AUTO,DZOFILM,PAVO Anamorphic 2x,series/focal set exact
DZOFILM_PAVO_x2_Anamorphic,32mm_T2.1,,True,True,False,AUTO,DZOFILM,PAVO Anamorphic 2x,series/focal set exact
DZOFILM_PAVO_x2_Anamorphic,40mm_T2.1,,True,True,False,AUTO,DZOFILM,PAVO Anamorphic 2x,series/focal set exact
DZOFILM_PAVO_x2_Anamorphic,55mm_T2.1,,True,True,False,AUTO,DZOFILM,PAVO Anamorphic 2x,series/focal set exact
DZOFILM_PAVO_x2_Anamorphic,65mm_T2.8,,True,True,False,AUTO,DZOFILM,PAVO Anamorphic 2x,series/focal set exact
DZOFILM_PAVO_x2_Anamorphic,75mm_T2.1,,True,True,False,AUTO,DZOFILM,PAVO Anamorphic 2x,series/focal set exact
FUJINON_Duvo,14-100mm_T2.9 100mm,100.0,True,True,False,AUTO,FUJINON,Duvo HZK 14-100,range exact
FUJINON_Duvo,14-100mm_T2.9_14mm,14.0,True,True,False,AUTO,FUJINON,Duvo HZK 14-100,range exact
FUJINON_Duvo,14-100mm_T2.9_24mm,24.0,True,True,False,AUTO,FUJINON,Duvo HZK 14-100,range exact
FUJINON_Duvo,14-100mm_T2.9_35mm,35.0,True,True,False,AUTO,FUJINON,Duvo HZK 14-100,range exact
FUJINON_Duvo,14-100mm_T2.9_50mm,50.0,True,True,False,AUTO,FUJINON,Duvo HZK 14-100,range exact
FUJINON_Duvo,14-100mm_T2.9_75mm,75.0,True,True,False,AUTO,FUJINON,Duvo HZK 14-100,range exact
FUJINON_Duvo,24-300mm_T2.9 100mm,100.0,True,True,False,AUTO,FUJINON,Duvo HZK 24-300,range exact
FUJINON_Duvo,24-300mm_T2.9 135mm,135.0,True,True,False,AUTO,FUJINON,Duvo HZK 24-300,range exact
FUJINON_Duvo,24-300mm_T2.9 200mm,200.0,True,True,False,AUTO,FUJINON,Duvo HZK 24-300,range exact
FUJINON_Duvo,24-300mm_T2.9 300mm,300.0,True,True,False,AUTO,FUJINON,Duvo HZK 24-300,range exact
FUJINON_Duvo,24-300mm_T2.9_24mm,24.0,True,True,False,AUTO,FUJINON,Duvo HZK 24-300,range exact
FUJINON_Duvo,24-300mm_T2.9_35mm,35.0,True,True,False,AUTO,FUJINON,Duvo HZK 24-300,range exact
FUJINON_Duvo,24-300mm_T2.9_50mm,50.0,True,True,False,AUTO,FUJINON,Duvo HZK 24-300,range exact
FUJINON_Duvo,24-300mm_T2.9_75mm,75.0,True,True,False,AUTO,FUJINON,Duvo HZK 24-300,range exact
FUJINON_HK,18-85mm_T2_18mm,18.0,True,True,False,AUTO,FUJINON,HK Premier 18-85 T2,range exact
FUJINON_HK,18-85mm_T2_20mm,20.0,True,True,False,AUTO,FUJINON,HK Premier 18-85 T2,range exact
FUJINON_HK,18-85mm_T2_22mm,22.0,True,True,False,AUTO,FUJINON,HK Premier 18-85 T2,range exact
FUJINON_HK,18-85mm_T2_25mm,25.0,True,True,False,AUTO,FUJINON,HK Premier 18-85 T2,range exact
FUJINON_HK,18-85mm_T2_30mm,30.0,True,True,False,AUTO,FUJINON,HK Premier 18-85 T2,range exact
FUJINON_HK,18-85mm_T2_35mm,35.0,True,True,False,AUTO,FUJINON,HK Premier 18-85 T2,range exact
FUJINON_HK,18-85mm_T2_40mm,40.0,True,True,False,AUTO,FUJINON,HK Premier 18-85 T2,range exact
FUJINON_HK,18-85mm_T2_45mm,45.0,True,True,False,AUTO,FUJINON,HK Premier 18-85 T2,range exact
FUJINON_HK,18-85mm_T2_50mm,50.0,True,True,False,AUTO,FUJINON,HK Premier 18-85 T2,range exact
FUJINON_HK,18-85mm_T2_55mm,55.0,True,True,False,AUTO,FUJINON,HK Premier 18-85 T2,range exact
FUJINON_HK,18-85mm_T2_60mm,60.0,True,True,False,AUTO,FUJINON,HK Premier 18-85 T2,range exact
FUJINON_HK,18-85mm_T2_65mm,65.0,True,True,False,AUTO,FUJINON,HK Premier 18-85 T2,range exact
FUJINON_HK,18-85mm_T2_70mm,70.0,True,True,False,AUTO,FUJINON,HK Premier 18-85 T2,range exact
FUJINON_HK,18-85mm_T2_75mm,75.0,True,True,False,AUTO,FUJINON,HK Premier 18-85 T2,range exact
FUJINON_HK,18-85mm_T2_80mm,80.0,True,True,False,AUTO,FUJINON,HK Premier 18-85 T2,range exact
FUJINON_HK,18-85mm_T2_85mm,85.0,True,True,False,AUTO,FUJINON,HK Premier 18-85 T2,range exact
FUJINON_HK,75-400mm_T2.8 100mm,100.0,True,True,False,AUTO,FUJINON,HK Premier 75-400 T2.8-3.8,range exact
FUJINON_HK,75-400mm_T2.8 120mm,120.0,True,True,False,AUTO,FUJINON,HK Premier 75-400 T2.8-3.8,range exact
FUJINON_HK,75-400mm_T2.8 140mm,140.0,True,True,False,AUTO,FUJINON,HK Premier 75-400 T2.8-3.8,range exact
FUJINON_HK,75-400mm_T2.8 160mm,160.0,True,True,False,AUTO,FUJINON,HK Premier 75-400 T2.8-3.8,range exact
FUJINON_HK,75-400mm_T2.8 180mm,180.0,True,True,False,AUTO,FUJINON,HK Premier 75-400 T2.8-3.8,range exact
FUJINON_HK,75-400mm_T2.8 200mm,200.0,True,True,False,AUTO,FUJINON,HK Premier 75-400 T2.8-3.8,range exact
FUJINON_HK,75-400mm_T2.8 225mm,225.0,True,True,False,AUTO,FUJINON,HK Premier 75-400 T2.8-3.8,range exact
FUJINON_HK,75-400mm_T2.8 250mm,250.0,True,True,False,AUTO,FUJINON,HK Premier 75-400 T2.8-3.8,range exact
FUJINON_HK,75-400mm_T2.8 275mm,275.0,True,True,False,AUTO,FUJINON,HK Premier 75-400 T2.8-3.8,range exact
FUJINON_HK,75-400mm_T2.8 300mm,300.0,True,True,False,AUTO,FUJINON,HK Premier 75-400 T2.8-3.8,range exact
FUJINON_HK,75-400mm_T2.8 325mm,325.0,True,True,False,AUTO,FUJINON,HK Premier 75-400 T2.8-3.8,range exact
FUJINON_HK,75-400mm_T2.8 350mm,350.0,True,True,False,AUTO,FUJINON,HK Premier 75-400 T2.8-3.8,range exact
FUJINON_HK,75-400mm_T2.8_75mm,75.0,True,True,False,AUTO,FUJINON,HK Premier 75-400 T2.8-3.8,range exact
FUJINON_HK,75-400mm_T2.8_85mm,85.0,True,True,False,AUTO,FUJINON,HK Premier 75-400 T2.8-3.8,range exact
FUJINON_HK,75-400mm_T3.8 400mm,400.0,True,True,False,AUTO,FUJINON,HK Premier 75-400 T2.8-3.8,range exact
FUJINON_XK,XK 20-120mm_T3.5 100mm,100.0,True,True,False,AUTO,FUJINON,XK 20-120 T3.5,range exact
FUJINON_XK,XK 20-120mm_T3.5 120mm,120.0,True,True,False,AUTO,FUJINON,XK 20-120 T3.5,range exact
FUJINON_XK,XK 20-120mm_T3.5_20mm,20.0,True,True,False,AUTO,FUJINON,XK 20-120 T3.5,range exact
FUJINON_XK,XK 20-120mm_T3.5_28mm,28.0,True,True,False,AUTO,FUJINON,XK 20-120 T3.5,range exact
FUJINON_XK,XK 20-120mm_T3.5_35mm,35.0,True,True,False,AUTO,FUJINON,XK 20-120 T3.5,range exact
FUJINON_XK,XK 20-120mm_T3.5_40mm,40.0,True,True,False,AUTO,FUJINON,XK 20-120 T3.5,range exact
FUJINON_XK,XK 20-120mm_T3.5_50mm,50.0,True,True,False,AUTO,FUJINON,XK 20-120 T3.5,range exact
FUJINON_XK,XK 20-120mm_T3.5_65mm,65.0,True,True,False,AUTO,FUJINON,XK 20-120 T3.5,range exact
FUJINON_XK,XK 20-120mm_T3.5_75mm,75.0,True,True,False,AUTO,FUJINON,XK 20-120 T3.5,range exact
FUJINON_ZK,14-35mm_T2.9_14mm,14.0,True,True,False,AUTO,FUJINON,ZK 14-35 T2.9,range exact
FUJINON_ZK,14-35mm_T2.9_16mm,16.0,True,True,False,AUTO,FUJINON,ZK 14-35 T2.9,range exact
FUJINON_ZK,14-35mm_T2.9_18mm,18.0,True,True,False,AUTO,FUJINON,ZK 14-35 T2.9,range exact
FUJINON_ZK,14-35mm_T2.9_20mm,20.0,True,True,False,AUTO,FUJINON,ZK 14-35 T2.9,range exact
FUJINON_ZK,14-35mm_T2.9_22mm,22.0,True,True,False,AUTO,FUJINON,ZK 14-35 T2.9,range exact
FUJINON_ZK,14-35mm_T2.9_24mm,24.0,True,True,False,AUTO,FUJINON,ZK 14-35 T2.9,range exact
FUJINON_ZK,14-35mm_T2.9_26mm,26.0,True,True,False,AUTO,FUJINON,ZK 14-35 T2.9,range exact
FUJINON_ZK,14-35mm_T2.9_28mm,28.0,True,True,False,AUTO,FUJINON,ZK 14-35 T2.9,range exact
FUJINON_ZK,14-35mm_T2.9_30mm,30.0,True,True,False,AUTO,FUJINON,ZK 14-35 T2.9,range exact
FUJINON_ZK,14-35mm_T2.9_32mm,32.0,True,True,False,AUTO,FUJINON,ZK 14-35 T2.9,range exact
FUJINON_ZK,14-35mm_T2.9_35mm,35.0,True,True,False,AUTO,FUJINON,ZK 14-35 T2.9,range exact
FUJINON_ZK,19-90mm_T2.9_19mm,19.0,True,True,False,AUTO,FUJINON,ZK 19-90 T2.9,range exact
FUJINON_ZK,19-90mm_T2.9_22mm,22.0,True,False,False,AUTO,FUJINON,ZK 19-90 T2.9,range exact
FUJINON_ZK,19-90mm_T2.9_25mm,25.0,True,True,False,AUTO,FUJINON,ZK 19-90 T2.9,range exact
FUJINON_ZK,19-90mm_T2.9_30mm,30.0,True,True,False,AUTO,FUJINON,ZK 19-90 T2.9,range exact
FUJINON_ZK,19-90mm_T2.9_35mm,35.0,True,True,False,AUTO,FUJINON,ZK 19-90 T2.9,range exact
FUJINON_ZK,19-90mm_T2.9_40mm,40.0,True,True,False,AUTO,FUJINON,ZK 19-90 T2.9,range exact
FUJINON_ZK,19-90mm_T2.9_50mm,50.0,True,True,False,AUTO,FUJINON,ZK 19-90 T2.9,range exact
FUJINON_ZK,19-90mm_T2.9_60mm,60.0,True,True,False,AUTO,FUJINON,ZK 19-90 T2.9,range exact
FUJINON_ZK,19-90mm_T2.9_70mm,70.0,True,True,False,AUTO,FUJINON,ZK 19-90 T2.9,range exact
FUJINON_ZK,19-90mm_T2.9_80mm,80.0,True,True,False,AUTO,FUJINON,ZK 19-90 T2.9,range exact
FUJINON_ZK,19-90mm_T2.9_90mm,90.0,True,True,False,AUTO,FUJINON,ZK 19-90 T2.9,range exact
FUJINON_ZK,85-300mm_T2.9 100mm,100.0,True,True,False,AUTO,FUJINON,ZK 85-300 T2.9-4.0,range exact
FUJINON_ZK,85-300mm_T2.9 120mm,120.0,True,True,False,AUTO,FUJINON,ZK 85-300 T2.9-4.0,range exact
FUJINON_ZK,85-300mm_T2.9 140mm,140.0,True,True,False,AUTO,FUJINON,ZK 85-300 T2.9-4.0,range exact
FUJINON_ZK,85-300mm_T2.9 160mm,160.0,True,True,False,AUTO,FUJINON,ZK 85-300 T2.9-4.0,range exact
FUJINON_ZK,85-300mm_T2.9 180mm,180.0,True,True,False,AUTO,FUJINON,ZK 85-300 T2.9-4.0,range exact
FUJINON_ZK,85-300mm_T2.9 220mm,220.0,True,True,False,AUTO,FUJINON,ZK 85-300 T2.9-4.0,range exact
FUJINON_ZK,85-300mm_T2.9 260mm,260.0,True,True,False,AUTO,FUJINON,ZK 85-300 T2.9-4.0,range exact
FUJINON_ZK,85-300mm_T2.9 300mm,300.0,True,True,False,AUTO,FUJINON,ZK 85-300 T2.9-4.0,range exact
FUJINON_ZK,85-300mm_T2.9_85mm,85.0,True,True,False,AUTO,FUJINON,ZK 85-300 T2.9-4.0,range exact
KOWA_PROMINAR,25-125mm_T4.5 100mm,100.0,True,True,False,NO_TARGET,,,KOWA PROMINAR 25-125 capture library exists but no corresponding V110 lens family
KOWA_PROMINAR,25-125mm_T4.5 125mm,125.0,True,True,False,NO_TARGET,,,KOWA PROMINAR 25-125 capture library exists but no corresponding V110 lens family
KOWA_PROMINAR,25-125mm_T4.5_25mm,25.0,True,True,False,NO_TARGET,,,KOWA PROMINAR 25-125 capture library exists but no corresponding V110 lens family
KOWA_PROMINAR,25-125mm_T4.5_30mm,30.0,True,True,False,NO_TARGET,,,KOWA PROMINAR 25-125 capture library exists but no corresponding V110 lens family
KOWA_PROMINAR,25-125mm_T4.5_35mm,35.0,True,True,False,NO_TARGET,,,KOWA PROMINAR 25-125 capture library exists but no corresponding V110 lens family
KOWA_PROMINAR,25-125mm_T4.5_40mm,40.0,True,True,False,NO_TARGET,,,KOWA PROMINAR 25-125 capture library exists but no corresponding V110 lens family
KOWA_PROMINAR,25-125mm_T4.5_50mm,50.0,True,True,False,NO_TARGET,,,KOWA PROMINAR 25-125 capture library exists but no corresponding V110 lens family
KOWA_PROMINAR,25-125mm_T4.5_60mm,60.0,True,True,False,NO_TARGET,,,KOWA PROMINAR 25-125 capture library exists but no corresponding V110 lens family
KOWA_PROMINAR,25-125mm_T4.5_75mm,75.0,True,True,False,NO_TARGET,,,KOWA PROMINAR 25-125 capture library exists but no corresponding V110 lens family
LAOWA_Nanomorph_x1.5, 28-55mm_T2.9_28mm,28.0,True,True,False,AUTO,LAOWA,Nanomorph 1.5x S35 Zoom 28-55,range exact
LAOWA_Nanomorph_x1.5, 28-55mm_T2.9_30mm,30.0,True,True,False,AUTO,LAOWA,Nanomorph 1.5x S35 Zoom 28-55,range exact
LAOWA_Nanomorph_x1.5, 28-55mm_T2.9_32mm,32.0,True,True,False,AUTO,LAOWA,Nanomorph 1.5x S35 Zoom 28-55,range exact
LAOWA_Nanomorph_x1.5, 28-55mm_T2.9_35mm,35.0,True,True,False,AUTO,LAOWA,Nanomorph 1.5x S35 Zoom 28-55,range exact
LAOWA_Nanomorph_x1.5, 28-55mm_T2.9_37mm,37.0,True,True,False,AUTO,LAOWA,Nanomorph 1.5x S35 Zoom 28-55,range exact
LAOWA_Nanomorph_x1.5, 28-55mm_T2.9_40mm,40.0,True,True,False,AUTO,LAOWA,Nanomorph 1.5x S35 Zoom 28-55,range exact
LAOWA_Nanomorph_x1.5, 28-55mm_T2.9_43mm,43.0,True,True,False,AUTO,LAOWA,Nanomorph 1.5x S35 Zoom 28-55,range exact
LAOWA_Nanomorph_x1.5, 28-55mm_T2.9_45mm,45.0,True,True,False,AUTO,LAOWA,Nanomorph 1.5x S35 Zoom 28-55,range exact
LAOWA_Nanomorph_x1.5, 28-55mm_T2.9_48mm,48.0,True,True,False,AUTO,LAOWA,Nanomorph 1.5x S35 Zoom 28-55,range exact
LAOWA_Nanomorph_x1.5, 28-55mm_T2.9_50mm,50.0,True,True,False,AUTO,LAOWA,Nanomorph 1.5x S35 Zoom 28-55,range exact
LAOWA_Nanomorph_x1.5, 28-55mm_T2.9_52mm,52.0,True,True,False,AUTO,LAOWA,Nanomorph 1.5x S35 Zoom 28-55,range exact
LAOWA_Nanomorph_x1.5, 28-55mm_T2.9_55mm,55.0,True,True,False,AUTO,LAOWA,Nanomorph 1.5x S35 Zoom 28-55,range exact
LAOWA_Nanomorph_x1.5, 50-100mm_T2.9 100mm,100.0,True,True,False,AUTO,LAOWA,Nanomorph 1.5x S35 Zoom 50-100,range exact
LAOWA_Nanomorph_x1.5, 50-100mm_T2.9_50mm,50.0,True,True,False,AUTO,LAOWA,Nanomorph 1.5x S35 Zoom 50-100,range exact
LAOWA_Nanomorph_x1.5, 50-100mm_T2.9_55mm,55.0,True,True,False,AUTO,LAOWA,Nanomorph 1.5x S35 Zoom 50-100,range exact
LAOWA_Nanomorph_x1.5, 50-100mm_T2.9_60mm,60.0,True,True,False,AUTO,LAOWA,Nanomorph 1.5x S35 Zoom 50-100,range exact
LAOWA_Nanomorph_x1.5, 50-100mm_T2.9_65mm,65.0,True,True,False,AUTO,LAOWA,Nanomorph 1.5x S35 Zoom 50-100,range exact
LAOWA_Nanomorph_x1.5, 50-100mm_T2.9_70mm,70.0,True,True,False,AUTO,LAOWA,Nanomorph 1.5x S35 Zoom 50-100,range exact
LAOWA_Nanomorph_x1.5, 50-100mm_T2.9_75mm,75.0,True,True,False,AUTO,LAOWA,Nanomorph 1.5x S35 Zoom 50-100,range exact
LAOWA_Nanomorph_x1.5, 50-100mm_T2.9_80mm,80.0,True,True,False,AUTO,LAOWA,Nanomorph 1.5x S35 Zoom 50-100,range exact
LAOWA_Nanomorph_x1.5, 50-100mm_T2.9_85mm,85.0,True,True,False,AUTO,LAOWA,Nanomorph 1.5x S35 Zoom 50-100,range exact
LAOWA_Nanomorph_x1.5, 50-100mm_T2.9_90mm,90.0,True,True,False,AUTO,LAOWA,Nanomorph 1.5x S35 Zoom 50-100,range exact
LAOWA_Nanomorph_x1.5,27mm_T2.8,,True,True,False,AUTO,LAOWA,Nanomorph 1.5x S35 Prime,prime Nanomorph source focal
LAOWA_Nanomorph_x1.5,35mm_T2.4,,True,True,False,AUTO,LAOWA,Nanomorph 1.5x S35 Prime,prime Nanomorph source focal
LAOWA_Nanomorph_x1.5,50mm_T2.4,,True,True,False,AUTO,LAOWA,Nanomorph 1.5x S35 Prime,prime Nanomorph source focal
LAOWA_Nanomorph_x1.5,65mm_T2.4,,True,True,False,AUTO,LAOWA,Nanomorph 1.5x S35 Prime,prime Nanomorph source focal
LAOWA_Nanomorph_x1.5,80mm_T2.4,,True,True,False,AUTO,LAOWA,Nanomorph 1.5x S35 Prime,prime Nanomorph source focal
LOMO_ZOOM,20-120mm_T3.3 100mm,100.0,True,True,False,AUTO,LOMO,LOMO ZOOM 20-120mm T3.3,series/range exact
LOMO_ZOOM,20-120mm_T3.3 120mm,120.0,True,True,False,AUTO,LOMO,LOMO ZOOM 20-120mm T3.3,series/range exact
LOMO_ZOOM,20-120mm_T3.3_20mm,20.0,True,True,False,AUTO,LOMO,LOMO ZOOM 20-120mm T3.3,series/range exact
LOMO_ZOOM,20-120mm_T3.3_25mm,25.0,True,True,False,AUTO,LOMO,LOMO ZOOM 20-120mm T3.3,series/range exact
LOMO_ZOOM,20-120mm_T3.3_30mm,30.0,True,True,False,AUTO,LOMO,LOMO ZOOM 20-120mm T3.3,series/range exact
LOMO_ZOOM,20-120mm_T3.3_35mm,35.0,True,True,False,AUTO,LOMO,LOMO ZOOM 20-120mm T3.3,series/range exact
LOMO_ZOOM,20-120mm_T3.3_40mm,40.0,True,True,False,AUTO,LOMO,LOMO ZOOM 20-120mm T3.3,series/range exact
LOMO_ZOOM,20-120mm_T3.3_45mm,45.0,True,True,False,AUTO,LOMO,LOMO ZOOM 20-120mm T3.3,series/range exact
LOMO_ZOOM,20-120mm_T3.3_50mm,50.0,True,True,False,AUTO,LOMO,LOMO ZOOM 20-120mm T3.3,series/range exact
LOMO_ZOOM,20-120mm_T3.3_60mm,60.0,True,True,False,AUTO,LOMO,LOMO ZOOM 20-120mm T3.3,series/range exact
LOMO_ZOOM,20-120mm_T3.3_70mm,70.0,True,True,False,AUTO,LOMO,LOMO ZOOM 20-120mm T3.3,series/range exact
Leica Summicron-C, 100mm_T2,,True,True,False,AUTO,Leitz,SUMMICRON-C,legacy Leica naming -> LensScope Leitz SUMMICRON-C
Leica Summicron-C, 135mm_T2,,True,True,False,AUTO,Leitz,SUMMICRON-C,legacy Leica naming -> LensScope Leitz SUMMICRON-C
Leica Summicron-C,15mm_T2,,True,True,False,AUTO,Leitz,SUMMICRON-C,legacy Leica naming -> LensScope Leitz SUMMICRON-C
Leica Summicron-C,18mm_T2,,True,True,False,AUTO,Leitz,SUMMICRON-C,legacy Leica naming -> LensScope Leitz SUMMICRON-C
Leica Summicron-C,21mm_T2,,True,True,False,AUTO,Leitz,SUMMICRON-C,legacy Leica naming -> LensScope Leitz SUMMICRON-C
Leica Summicron-C,25mm_T2,,True,True,False,AUTO,Leitz,SUMMICRON-C,legacy Leica naming -> LensScope Leitz SUMMICRON-C
Leica Summicron-C,29mm_T2,,True,True,False,AUTO,Leitz,SUMMICRON-C,legacy Leica naming -> LensScope Leitz SUMMICRON-C
Leica Summicron-C,35mm_T2,,True,True,False,AUTO,Leitz,SUMMICRON-C,legacy Leica naming -> LensScope Leitz SUMMICRON-C
Leica Summicron-C,40mm_T2,,True,True,False,AUTO,Leitz,SUMMICRON-C,legacy Leica naming -> LensScope Leitz SUMMICRON-C
Leica Summicron-C,50mm_T2,,True,True,False,AUTO,Leitz,SUMMICRON-C,legacy Leica naming -> LensScope Leitz SUMMICRON-C
Leica Summicron-C,75mm_T2,,True,True,False,AUTO,Leitz,SUMMICRON-C,legacy Leica naming -> LensScope Leitz SUMMICRON-C
Leica Summilux-C, 100mm T1.4,100.0,True,True,False,AUTO,Leitz,SUMMILUX-C,legacy Leica naming -> LensScope Leitz SUMMILUX-C
Leica Summilux-C,16mm_T1.4,,True,True,False,AUTO,Leitz,SUMMILUX-C,legacy Leica naming -> LensScope Leitz SUMMILUX-C
Leica Summilux-C,18mm_T1.4,,True,True,False,AUTO,Leitz,SUMMILUX-C,legacy Leica naming -> LensScope Leitz SUMMILUX-C
Leica Summilux-C,21mm_T1.4,,True,True,False,AUTO,Leitz,SUMMILUX-C,legacy Leica naming -> LensScope Leitz SUMMILUX-C
Leica Summilux-C,25mm_T1.4,,True,True,False,AUTO,Leitz,SUMMILUX-C,legacy Leica naming -> LensScope Leitz SUMMILUX-C
Leica Summilux-C,29mm_T1.4,,True,True,False,AUTO,Leitz,SUMMILUX-C,legacy Leica naming -> LensScope Leitz SUMMILUX-C
Leica Summilux-C,35mm_T1.4,,True,True,False,AUTO,Leitz,SUMMILUX-C,legacy Leica naming -> LensScope Leitz SUMMILUX-C
Leica Summilux-C,40mm_T1.4,,True,True,False,AUTO,Leitz,SUMMILUX-C,legacy Leica naming -> LensScope Leitz SUMMILUX-C
Leica Summilux-C,50mm_T1.4,,True,True,False,AUTO,Leitz,SUMMILUX-C,legacy Leica naming -> LensScope Leitz SUMMILUX-C
Leica Summilux-C,65mm_T1.4,,True,True,False,AUTO,Leitz,SUMMILUX-C,legacy Leica naming -> LensScope Leitz SUMMILUX-C
Leica Summilux-C,75mm_T1.4,,True,True,False,AUTO,Leitz,SUMMILUX-C,legacy Leica naming -> LensScope Leitz SUMMILUX-C
Leica THALIA, 100mm T2.2,100.0,True,True,False,AUTO,Leitz,THALIA,series exact; LensScope current maker spelling Leitz
Leica THALIA, 120mm T2.6,120.0,True,True,False,AUTO,Leitz,THALIA,series exact; LensScope current maker spelling Leitz
Leica THALIA, 180mm T3.6,180.0,True,True,False,AUTO,Leitz,THALIA,series exact; LensScope current maker spelling Leitz
Leica THALIA,24mm T3.6,24.0,True,True,False,AUTO,Leitz,THALIA,series exact; LensScope current maker spelling Leitz
Leica THALIA,30mm T2.9,30.0,True,True,False,AUTO,Leitz,THALIA,series exact; LensScope current maker spelling Leitz
Leica THALIA,35mm T2.6,35.0,True,True,False,AUTO,Leitz,THALIA,series exact; LensScope current maker spelling Leitz
Leica THALIA,45mm T2.9,45.0,True,True,False,AUTO,Leitz,THALIA,series exact; LensScope current maker spelling Leitz
Leica THALIA,55mm T2.8,55.0,False,False,True,AUTO,Leitz,THALIA,series exact; LensScope current maker spelling Leitz
Leica THALIA,70mm T2.6,70.0,True,True,False,AUTO,Leitz,THALIA,series exact; LensScope current maker spelling Leitz
Leica VARIO-APO-ELMARIT R,70-180mm_T3 100mm,100.0,True,True,False,AUTO,Duclos,Leitz 70-180mm T3 VARIO-APO-ELMARIT-R,range/model exact; LensScope entry identifies Duclos conversion
Leica VARIO-APO-ELMARIT R,70-180mm_T3 105mm,105.0,True,True,False,AUTO,Duclos,Leitz 70-180mm T3 VARIO-APO-ELMARIT-R,range/model exact; LensScope entry identifies Duclos conversion
Leica VARIO-APO-ELMARIT R,70-180mm_T3 110mm,110.0,True,True,False,AUTO,Duclos,Leitz 70-180mm T3 VARIO-APO-ELMARIT-R,range/model exact; LensScope entry identifies Duclos conversion
Leica VARIO-APO-ELMARIT R,70-180mm_T3 120mm,120.0,True,True,False,AUTO,Duclos,Leitz 70-180mm T3 VARIO-APO-ELMARIT-R,range/model exact; LensScope entry identifies Duclos conversion
Leica VARIO-APO-ELMARIT R,70-180mm_T3 135mm,135.0,True,True,False,AUTO,Duclos,Leitz 70-180mm T3 VARIO-APO-ELMARIT-R,range/model exact; LensScope entry identifies Duclos conversion
Leica VARIO-APO-ELMARIT R,70-180mm_T3 150mm,150.0,True,True,False,AUTO,Duclos,Leitz 70-180mm T3 VARIO-APO-ELMARIT-R,range/model exact; LensScope entry identifies Duclos conversion
Leica VARIO-APO-ELMARIT R,70-180mm_T3 165mm,165.0,True,True,False,AUTO,Duclos,Leitz 70-180mm T3 VARIO-APO-ELMARIT-R,range/model exact; LensScope entry identifies Duclos conversion
Leica VARIO-APO-ELMARIT R,70-180mm_T3 180mm,180.0,True,True,False,AUTO,Duclos,Leitz 70-180mm T3 VARIO-APO-ELMARIT-R,range/model exact; LensScope entry identifies Duclos conversion
Leica VARIO-APO-ELMARIT R,70-180mm_T3_70mm,70.0,True,True,False,AUTO,Duclos,Leitz 70-180mm T3 VARIO-APO-ELMARIT-R,range/model exact; LensScope entry identifies Duclos conversion
Leica VARIO-APO-ELMARIT R,70-180mm_T3_75mm,75.0,True,True,False,AUTO,Duclos,Leitz 70-180mm T3 VARIO-APO-ELMARIT-R,range/model exact; LensScope entry identifies Duclos conversion
Leica VARIO-APO-ELMARIT R,70-180mm_T3_80mm,80.0,True,True,False,AUTO,Duclos,Leitz 70-180mm T3 VARIO-APO-ELMARIT-R,range/model exact; LensScope entry identifies Duclos conversion
Leica VARIO-APO-ELMARIT R,70-180mm_T3_85mm,85.0,True,True,False,AUTO,Duclos,Leitz 70-180mm T3 VARIO-APO-ELMARIT-R,range/model exact; LensScope entry identifies Duclos conversion
Leica VARIO-APO-ELMARIT R,70-180mm_T3_90mm,90.0,True,True,False,AUTO,Duclos,Leitz 70-180mm T3 VARIO-APO-ELMARIT-R,range/model exact; LensScope entry identifies Duclos conversion
Leica VARIO-APO-ELMARIT R,70-180mm_T3_95mm,95.0,True,True,False,AUTO,Duclos,Leitz 70-180mm T3 VARIO-APO-ELMARIT-R,range/model exact; LensScope entry identifies Duclos conversion
SERVICE VISION, 100mm_T2.2,,True,True,False,REVIEW,SERVICE VISION,Scorpiolens Anamorphic FFA 2x,"likely Scorpiolens Anamorphic FFA 2x from 35/40/50/75/100 set, but source folder is generic"
SERVICE VISION,35mm_T2.2,,True,True,False,REVIEW,SERVICE VISION,Scorpiolens Anamorphic FFA 2x,"likely Scorpiolens Anamorphic FFA 2x from 35/40/50/75/100 set, but source folder is generic"
SERVICE VISION,40mm_T2.2,,True,True,False,REVIEW,SERVICE VISION,Scorpiolens Anamorphic FFA 2x,"likely Scorpiolens Anamorphic FFA 2x from 35/40/50/75/100 set, but source folder is generic"
SERVICE VISION,50mm_T2.2,,True,True,False,REVIEW,SERVICE VISION,Scorpiolens Anamorphic FFA 2x,"likely Scorpiolens Anamorphic FFA 2x from 35/40/50/75/100 set, but source folder is generic"
SERVICE VISION,75mm_T2.2,,True,True,False,REVIEW,SERVICE VISION,Scorpiolens Anamorphic FFA 2x,"likely Scorpiolens Anamorphic FFA 2x from 35/40/50/75/100 set, but source folder is generic"
SERVICE VISION Scorpiozoom ,138-405 T4.3_138mm,138.0,True,True,False,AUTO,SERVICE VISION,Scorpiozoom Anamorphic FFA 2x 138-405 T4.3,model/range exact
SERVICE VISION Scorpiozoom ,138-405 T4.3_160mm,160.0,True,True,False,AUTO,SERVICE VISION,Scorpiozoom Anamorphic FFA 2x 138-405 T4.3,model/range exact
SERVICE VISION Scorpiozoom ,138-405 T4.3_180mm,180.0,True,True,False,AUTO,SERVICE VISION,Scorpiozoom Anamorphic FFA 2x 138-405 T4.3,model/range exact
SERVICE VISION Scorpiozoom ,138-405 T4.3_200mm,200.0,True,True,False,AUTO,SERVICE VISION,Scorpiozoom Anamorphic FFA 2x 138-405 T4.3,model/range exact
SERVICE VISION Scorpiozoom ,138-405 T4.3_220mm,220.0,True,True,False,AUTO,SERVICE VISION,Scorpiozoom Anamorphic FFA 2x 138-405 T4.3,model/range exact
SERVICE VISION Scorpiozoom ,138-405 T4.3_240mm,240.0,True,True,False,AUTO,SERVICE VISION,Scorpiozoom Anamorphic FFA 2x 138-405 T4.3,model/range exact
SERVICE VISION Scorpiozoom ,138-405 T4.3_260mm,260.0,True,True,False,AUTO,SERVICE VISION,Scorpiozoom Anamorphic FFA 2x 138-405 T4.3,model/range exact
SERVICE VISION Scorpiozoom ,138-405 T4.3_280mm,280.0,True,True,False,AUTO,SERVICE VISION,Scorpiozoom Anamorphic FFA 2x 138-405 T4.3,model/range exact
SERVICE VISION Scorpiozoom ,138-405 T4.3_300mm,300.0,True,True,False,AUTO,SERVICE VISION,Scorpiozoom Anamorphic FFA 2x 138-405 T4.3,model/range exact
SERVICE VISION Scorpiozoom ,138-405 T4.3_320mm,320.0,True,True,False,AUTO,SERVICE VISION,Scorpiozoom Anamorphic FFA 2x 138-405 T4.3,model/range exact
SERVICE VISION Scorpiozoom ,138-405 T4.3_340mm,340.0,True,True,False,AUTO,SERVICE VISION,Scorpiozoom Anamorphic FFA 2x 138-405 T4.3,model/range exact
SERVICE VISION Scorpiozoom ,138-405 T4.3_360mm,360.0,True,True,False,AUTO,SERVICE VISION,Scorpiozoom Anamorphic FFA 2x 138-405 T4.3,model/range exact
SERVICE VISION Scorpiozoom ,138-405 T4.3_380mm,380.0,True,True,False,AUTO,SERVICE VISION,Scorpiozoom Anamorphic FFA 2x 138-405 T4.3,model/range exact
SERVICE VISION Scorpiozoom ,138-405 T4.3_405mm,405.0,True,True,False,AUTO,SERVICE VISION,Scorpiozoom Anamorphic FFA 2x 138-405 T4.3,model/range exact
SIGMA FF High Speed Prime, 135mm T2,135.0,True,True,False,AUTO,SIGMA,FF High Speed Prime,series exact; do not map to V35
SIGMA FF High Speed Prime,14mm T2,14.0,True,True,False,AUTO,SIGMA,FF High Speed Prime,series exact; do not map to V35
SIGMA FF High Speed Prime,20mm T1.5,20.0,True,True,False,AUTO,SIGMA,FF High Speed Prime,series exact; do not map to V35
SIGMA FF High Speed Prime,24mm T1.5,24.0,True,True,False,AUTO,SIGMA,FF High Speed Prime,series exact; do not map to V35
SIGMA FF High Speed Prime,28mm T1.5,28.0,True,True,False,AUTO,SIGMA,FF High Speed Prime,series exact; do not map to V35
SIGMA FF High Speed Prime,35mm T1.5,35.0,True,True,False,AUTO,SIGMA,FF High Speed Prime,series exact; do not map to V35
SIGMA FF High Speed Prime,40mm T1.5,40.0,True,True,False,AUTO,SIGMA,FF High Speed Prime,series exact; do not map to V35
SIGMA FF High Speed Prime,50mm T1.5,50.0,True,True,False,AUTO,SIGMA,FF High Speed Prime,series exact; do not map to V35
SIGMA FF High Speed Prime,85mm T1.5,85.0,True,True,False,AUTO,SIGMA,FF High Speed Prime,series exact; do not map to V35
SIGMA High Speed Zoom,18-35mm_T2_18mm,18.0,True,True,False,AUTO,SIGMA,High Speed Zoom 18-35 T2,range exact
SIGMA High Speed Zoom,18-35mm_T2_19mm,19.0,True,True,False,AUTO,SIGMA,High Speed Zoom 18-35 T2,range exact
SIGMA High Speed Zoom,18-35mm_T2_20mm,20.0,True,True,False,AUTO,SIGMA,High Speed Zoom 18-35 T2,range exact
SIGMA High Speed Zoom,18-35mm_T2_21mm,21.0,True,True,False,AUTO,SIGMA,High Speed Zoom 18-35 T2,range exact
SIGMA High Speed Zoom,18-35mm_T2_22mm,22.0,True,True,False,AUTO,SIGMA,High Speed Zoom 18-35 T2,range exact
SIGMA High Speed Zoom,18-35mm_T2_23mm,23.0,True,True,False,AUTO,SIGMA,High Speed Zoom 18-35 T2,range exact
SIGMA High Speed Zoom,18-35mm_T2_24mm,24.0,True,True,False,AUTO,SIGMA,High Speed Zoom 18-35 T2,range exact
SIGMA High Speed Zoom,18-35mm_T2_25mm,25.0,True,True,False,AUTO,SIGMA,High Speed Zoom 18-35 T2,range exact
SIGMA High Speed Zoom,18-35mm_T2_26mm,26.0,True,True,False,AUTO,SIGMA,High Speed Zoom 18-35 T2,range exact
SIGMA High Speed Zoom,18-35mm_T2_27mm,27.0,True,True,False,AUTO,SIGMA,High Speed Zoom 18-35 T2,range exact
SIGMA High Speed Zoom,18-35mm_T2_28mm,28.0,True,True,False,AUTO,SIGMA,High Speed Zoom 18-35 T2,range exact
SIGMA High Speed Zoom,18-35mm_T2_29mm,29.0,True,True,False,AUTO,SIGMA,High Speed Zoom 18-35 T2,range exact
SIGMA High Speed Zoom,18-35mm_T2_30mm,30.0,True,True,False,AUTO,SIGMA,High Speed Zoom 18-35 T2,range exact
SIGMA High Speed Zoom,18-35mm_T2_31mm,31.0,True,True,False,AUTO,SIGMA,High Speed Zoom 18-35 T2,range exact
SIGMA High Speed Zoom,18-35mm_T2_32mm,32.0,True,True,False,AUTO,SIGMA,High Speed Zoom 18-35 T2,range exact
SIGMA High Speed Zoom,18-35mm_T2_35mm,35.0,True,True,False,AUTO,SIGMA,High Speed Zoom 18-35 T2,range exact
SIGMA High Speed Zoom,50-100mm_T2 100mm,100.0,True,True,False,AUTO,SIGMA,High Speed Zoom 50-100 T2,range exact
SIGMA High Speed Zoom,50-100mm_T2_50mm,50.0,True,True,False,AUTO,SIGMA,High Speed Zoom 50-100 T2,range exact
SIGMA High Speed Zoom,50-100mm_T2_54mm,54.0,True,True,False,AUTO,SIGMA,High Speed Zoom 50-100 T2,range exact
SIGMA High Speed Zoom,50-100mm_T2_56mm,56.0,True,True,False,AUTO,SIGMA,High Speed Zoom 50-100 T2,range exact
SIGMA High Speed Zoom,50-100mm_T2_58mm,58.0,True,True,False,AUTO,SIGMA,High Speed Zoom 50-100 T2,range exact
SIGMA High Speed Zoom,50-100mm_T2_60mm,60.0,True,True,False,AUTO,SIGMA,High Speed Zoom 50-100 T2,range exact
SIGMA High Speed Zoom,50-100mm_T2_62mm,62.0,True,True,False,AUTO,SIGMA,High Speed Zoom 50-100 T2,range exact
SIGMA High Speed Zoom,50-100mm_T2_64mm,64.0,True,True,False,AUTO,SIGMA,High Speed Zoom 50-100 T2,range exact
SIGMA High Speed Zoom,50-100mm_T2_66mm,66.0,True,True,False,AUTO,SIGMA,High Speed Zoom 50-100 T2,range exact
SIGMA High Speed Zoom,50-100mm_T2_68mm,68.0,True,True,False,AUTO,SIGMA,High Speed Zoom 50-100 T2,range exact
SIGMA High Speed Zoom,50-100mm_T2_70mm,70.0,True,True,False,AUTO,SIGMA,High Speed Zoom 50-100 T2,range exact
SIGMA High Speed Zoom,50-100mm_T2_72mm,72.0,True,True,False,AUTO,SIGMA,High Speed Zoom 50-100 T2,range exact
SIGMA High Speed Zoom,50-100mm_T2_75mm,75.0,True,True,False,AUTO,SIGMA,High Speed Zoom 50-100 T2,range exact
SIGMA High Speed Zoom,50-100mm_T2_80mm,80.0,True,True,False,AUTO,SIGMA,High Speed Zoom 50-100 T2,range exact
SIGMA High Speed Zoom,50-100mm_T2_85mm,85.0,True,True,False,AUTO,SIGMA,High Speed Zoom 50-100 T2,range exact
SIGMA High Speed Zoom,50-100mm_T2_90mm,90.0,True,True,False,AUTO,SIGMA,High Speed Zoom 50-100 T2,range exact
Tokina CINEMA ATX,11-16mm_T3_11mm,11.0,True,True,False,AUTO,Tokina,Cinema AT-X 11-16 T3,11-16 range exact
Tokina CINEMA ATX,11-16mm_T3_12mm,12.0,True,True,False,AUTO,Tokina,Cinema AT-X 11-16 T3,11-16 range exact
Tokina CINEMA ATX,11-16mm_T3_13mm,13.0,True,True,False,AUTO,Tokina,Cinema AT-X 11-16 T3,11-16 range exact
Tokina CINEMA ATX,11-16mm_T3_14mm,14.0,True,True,False,AUTO,Tokina,Cinema AT-X 11-16 T3,11-16 range exact
Tokina CINEMA ATX,11-16mm_T3_15mm,15.0,True,True,False,AUTO,Tokina,Cinema AT-X 11-16 T3,11-16 range exact
Tokina CINEMA ATX,11-16mm_T3_16mm,16.0,True,True,False,AUTO,Tokina,Cinema AT-X 11-16 T3,11-16 range exact
Tokina VISTA,18mm T1.5,18.0,True,True,False,AUTO,Tokina,VISTA Prime,legacy source series -> standard VISTA Prime; not VISTA ONE/P
Tokina VISTA,25mm T1.5,25.0,True,True,False,AUTO,Tokina,VISTA Prime,legacy source series -> standard VISTA Prime; not VISTA ONE/P
Tokina VISTA,35mm T1.5,35.0,True,True,False,AUTO,Tokina,VISTA Prime,legacy source series -> standard VISTA Prime; not VISTA ONE/P
Tokina VISTA,50mm T1.5,50.0,True,True,False,AUTO,Tokina,VISTA Prime,legacy source series -> standard VISTA Prime; not VISTA ONE/P
Tokina VISTA,85mm T1.5,85.0,True,True,False,AUTO,Tokina,VISTA Prime,legacy source series -> standard VISTA Prime; not VISTA ONE/P
ZEISS CZ.2,15-30mm_T2.9_15mm,15.0,True,True,False,AUTO,ZEISS,Cinema Zoom CZ.2 15-30 T2.9,range exact
ZEISS CZ.2,15-30mm_T2.9_16mm,16.0,True,True,False,AUTO,ZEISS,Cinema Zoom CZ.2 15-30 T2.9,range exact
ZEISS CZ.2,15-30mm_T2.9_17mm,17.0,True,True,False,AUTO,ZEISS,Cinema Zoom CZ.2 15-30 T2.9,range exact
ZEISS CZ.2,15-30mm_T2.9_18mm,18.0,True,True,False,AUTO,ZEISS,Cinema Zoom CZ.2 15-30 T2.9,range exact
ZEISS CZ.2,15-30mm_T2.9_19mm,19.0,True,True,False,AUTO,ZEISS,Cinema Zoom CZ.2 15-30 T2.9,range exact
ZEISS CZ.2,15-30mm_T2.9_20mm,20.0,True,True,False,AUTO,ZEISS,Cinema Zoom CZ.2 15-30 T2.9,range exact
ZEISS CZ.2,15-30mm_T2.9_21mm,21.0,True,True,False,AUTO,ZEISS,Cinema Zoom CZ.2 15-30 T2.9,range exact
ZEISS CZ.2,15-30mm_T2.9_22mm,22.0,True,True,False,AUTO,ZEISS,Cinema Zoom CZ.2 15-30 T2.9,range exact
ZEISS CZ.2,15-30mm_T2.9_23mm,23.0,True,True,False,AUTO,ZEISS,Cinema Zoom CZ.2 15-30 T2.9,range exact
ZEISS CZ.2,15-30mm_T2.9_24mm,24.0,True,True,False,AUTO,ZEISS,Cinema Zoom CZ.2 15-30 T2.9,range exact
ZEISS CZ.2,15-30mm_T2.9_25mm,25.0,True,True,False,AUTO,ZEISS,Cinema Zoom CZ.2 15-30 T2.9,range exact
ZEISS CZ.2,15-30mm_T2.9_26mm,26.0,True,True,False,AUTO,ZEISS,Cinema Zoom CZ.2 15-30 T2.9,range exact
ZEISS CZ.2,15-30mm_T2.9_27mm,27.0,True,True,False,AUTO,ZEISS,Cinema Zoom CZ.2 15-30 T2.9,range exact
ZEISS CZ.2,15-30mm_T2.9_28mm,28.0,True,True,False,AUTO,ZEISS,Cinema Zoom CZ.2 15-30 T2.9,range exact
ZEISS CZ.2,15-30mm_T2.9_30mm,30.0,True,True,False,AUTO,ZEISS,Cinema Zoom CZ.2 15-30 T2.9,range exact
ZEISS CZ.2,28-80mm_T2.9_28mm,28.0,True,True,False,AUTO,ZEISS,Cinema Zoom CZ.2 28-80 T2.9,range exact
ZEISS CZ.2,28-80mm_T2.9_30mm,30.0,True,True,False,AUTO,ZEISS,Cinema Zoom CZ.2 28-80 T2.9,range exact
ZEISS CZ.2,28-80mm_T2.9_35mm,35.0,True,True,False,AUTO,ZEISS,Cinema Zoom CZ.2 28-80 T2.9,range exact
ZEISS CZ.2,28-80mm_T2.9_40mm,40.0,True,True,False,AUTO,ZEISS,Cinema Zoom CZ.2 28-80 T2.9,range exact
ZEISS CZ.2,28-80mm_T2.9_45mm,45.0,True,True,False,AUTO,ZEISS,Cinema Zoom CZ.2 28-80 T2.9,range exact
ZEISS CZ.2,28-80mm_T2.9_50mm,50.0,True,True,False,AUTO,ZEISS,Cinema Zoom CZ.2 28-80 T2.9,range exact
ZEISS CZ.2,28-80mm_T2.9_55mm,55.0,True,True,False,AUTO,ZEISS,Cinema Zoom CZ.2 28-80 T2.9,range exact
ZEISS CZ.2,28-80mm_T2.9_60mm,60.0,True,True,False,AUTO,ZEISS,Cinema Zoom CZ.2 28-80 T2.9,range exact
ZEISS CZ.2,28-80mm_T2.9_65mm,65.0,True,True,False,AUTO,ZEISS,Cinema Zoom CZ.2 28-80 T2.9,range exact
ZEISS CZ.2,28-80mm_T2.9_70mm,70.0,True,True,False,AUTO,ZEISS,Cinema Zoom CZ.2 28-80 T2.9,range exact
ZEISS CZ.2,28-80mm_T2.9_75mm,75.0,True,True,False,AUTO,ZEISS,Cinema Zoom CZ.2 28-80 T2.9,range exact
ZEISS CZ.2,28-80mm_T2.9_80mm,80.0,True,True,False,AUTO,ZEISS,Cinema Zoom CZ.2 28-80 T2.9,range exact
ZEISS CZ.2,70-200mm_T2.9 100mm,100.0,True,True,False,AUTO,ZEISS,Cinema Zoom CZ.2 70-200 T2.9,range exact
ZEISS CZ.2,70-200mm_T2.9 110mm,110.0,True,True,False,AUTO,ZEISS,Cinema Zoom CZ.2 70-200 T2.9,range exact
ZEISS CZ.2,70-200mm_T2.9 120mm,120.0,True,True,False,AUTO,ZEISS,Cinema Zoom CZ.2 70-200 T2.9,range exact
ZEISS CZ.2,70-200mm_T2.9 130mm,130.0,True,True,False,AUTO,ZEISS,Cinema Zoom CZ.2 70-200 T2.9,range exact
ZEISS CZ.2,70-200mm_T2.9 140mm,140.0,True,True,False,AUTO,ZEISS,Cinema Zoom CZ.2 70-200 T2.9,range exact
ZEISS CZ.2,70-200mm_T2.9 150mm,150.0,True,True,False,AUTO,ZEISS,Cinema Zoom CZ.2 70-200 T2.9,range exact
ZEISS CZ.2,70-200mm_T2.9 160mm,160.0,True,True,False,AUTO,ZEISS,Cinema Zoom CZ.2 70-200 T2.9,range exact
ZEISS CZ.2,70-200mm_T2.9 170mm,170.0,True,True,False,AUTO,ZEISS,Cinema Zoom CZ.2 70-200 T2.9,range exact
ZEISS CZ.2,70-200mm_T2.9 180mm,180.0,True,True,False,AUTO,ZEISS,Cinema Zoom CZ.2 70-200 T2.9,range exact
ZEISS CZ.2,70-200mm_T2.9 190mm,190.0,True,True,False,AUTO,ZEISS,Cinema Zoom CZ.2 70-200 T2.9,range exact
ZEISS CZ.2,70-200mm_T2.9 200mm,200.0,True,True,False,AUTO,ZEISS,Cinema Zoom CZ.2 70-200 T2.9,range exact
ZEISS CZ.2,70-200mm_T2.9_70mm,70.0,True,True,False,AUTO,ZEISS,Cinema Zoom CZ.2 70-200 T2.9,range exact
ZEISS CZ.2,70-200mm_T2.9_80mm,80.0,True,True,False,AUTO,ZEISS,Cinema Zoom CZ.2 70-200 T2.9,range exact
ZEISS CZ.2,70-200mm_T2.9_90mm,90.0,True,True,False,AUTO,ZEISS,Cinema Zoom CZ.2 70-200 T2.9,range exact
ZEISS Compact Prime CP.2, 100mm T2.1,100.0,True,True,False,AUTO,ZEISS,Compact Prime CP.2,series exact
ZEISS Compact Prime CP.2, 135mm T2.1,135.0,True,True,False,AUTO,ZEISS,Compact Prime CP.2,series exact
ZEISS Compact Prime CP.2,15mm_T2.9,,True,True,False,AUTO,ZEISS,Compact Prime CP.2,series exact
ZEISS Compact Prime CP.2,18mm_T3.6,,True,True,False,AUTO,ZEISS,Compact Prime CP.2,series exact
ZEISS Compact Prime CP.2,21mm_T2.9,,True,True,False,AUTO,ZEISS,Compact Prime CP.2,series exact
ZEISS Compact Prime CP.2,25mm_T2.1,,True,True,False,AUTO,ZEISS,Compact Prime CP.2,series exact
ZEISS Compact Prime CP.2,28mm T2.1,28.0,True,True,False,AUTO,ZEISS,Compact Prime CP.2,series exact
ZEISS Compact Prime CP.2,35mm T1.5,35.0,True,True,False,AUTO,ZEISS,Compact Prime CP.2,series exact
ZEISS Compact Prime CP.2,50mm T1.5,50.0,True,True,False,AUTO,ZEISS,Compact Prime CP.2,series exact
ZEISS Compact Prime CP.2,85mm T1.5,85.0,True,True,False,AUTO,ZEISS,Compact Prime CP.2,series exact
ZEISS SUPER SPEED(ファースト),18mm_T1.3,,True,True,False,GENERATION_CONFLICT,,,source explicitly says ファースト (first); V110 has Super Speed MKII only. Do not auto-link generations.
ZEISS SUPER SPEED(ファースト),25mm_T1.3,,True,True,False,GENERATION_CONFLICT,,,source explicitly says ファースト (first); V110 has Super Speed MKII only. Do not auto-link generations.
ZEISS SUPER SPEED(ファースト),35mm_T1.3,,True,True,False,GENERATION_CONFLICT,,,source explicitly says ファースト (first); V110 has Super Speed MKII only. Do not auto-link generations.
ZEISS SUPER SPEED(ファースト),50mm_T1.3,,True,True,False,GENERATION_CONFLICT,,,source explicitly says ファースト (first); V110 has Super Speed MKII only. Do not auto-link generations.
ZEISS SUPER SPEED(ファースト),65mm T1.3,65.0,True,True,False,GENERATION_CONFLICT,,,source explicitly says ファースト (first); V110 has Super Speed MKII only. Do not auto-link generations.
ZEISS SUPER SPEED(ファースト),85mm_T1.3,,True,True,False,GENERATION_CONFLICT,,,source explicitly says ファースト (first); V110 has Super Speed MKII only. Do not auto-link generations.
